gene	symbol	HC-P	HC-S	LC-P	LC-S
4609	MYC	7	0	0	0
7015	TERT	6	1	0	0
57178	ZMIZ1	6	0	5	0
3394	IRF8	6	0	1	0
3559	IL2RA	6	0	0	2
10019	SH2B3	6	0	0	0
3593	IL12B	6	0	0	0
63892	THADA	6	0	0	0
6775	STAT4	6	0	0	0
7128	TNFAIP3	5	2	0	0
23274	CLEC16A	5	1	2	0
60468	BACH2	5	0	2	0
79068	FTO	5	0	2	0
221895	JAZF1	5	0	1	0
5771	PTPN2	5	0	0	0
5890	RAD51B	5	0	0	0
5966	REL	4	3	0	0
1493	CTLA4	4	1	1	0
149233	IL23R	4	1	0	0
3663	IRF5	4	1	0	0
64478	CSMD1	4	0	5	0
640	BLK	4	0	1	0
783	CACNB2	4	0	1	0
117289	TAGAP	4	0	0	1
775	CACNA1C	4	0	0	1
1136	CHRNA3	4	0	0	0
1806	DPYD	4	0	0	0
22891	ZNF365	4	0	0	0
23345	SYNE1	4	0	0	0
26011	TENM4	4	0	0	0
28	ABO	4	0	0	0
288	ANK3	4	0	0	0
3133	HLA-E	4	0	0	0
3586	IL10	4	0	0	0
3699	ITIH3	4	0	0	0
4325	MMP16	4	0	0	0
6928	HNF1B	4	0	0	0
80323	CCDC68	4	0	0	0
9839	ZEB2	4	0	0	0
54805	CNNM2	3	4	1	1
26191	PTPN22	3	2	1	0
3117	HLA-DQA1	3	2	0	0
3123	HLA-DRB1	3	2	0	0
57412	AS3MT	3	2	0	0
94103	ORMDL3	3	2	0	0
5734	PTGER4	3	1	1	1
677	ZFP36L1	3	1	1	0
10318	TNIP1	3	1	0	0
4544	MTNR1B	3	1	0	0
64375	IKZF4	3	1	0	0
941	CD80	3	1	0	0
6925	TCF4	3	0	5	0
4088	SMAD3	3	0	2	0
51752	ERAP1	3	0	2	0
6934	TCF7L2	3	0	2	0
10125	RASGRP1	3	0	1	3
114904	C1QTNF6	3	0	1	1
1909	EDNRA	3	0	1	0
23228	PLCL2	3	0	1	0
3575	IL7R	3	0	1	0
3596	IL13	3	0	1	0
51196	PLCE1	3	0	1	0
54901	CDKAL1	3	0	1	0
8701	DNAH11	3	0	1	0
2113	ETS1	3	0	0	2
10320	IKZF1	3	0	0	1
2646	GCKR	3	0	0	1
3684	ITGAM	3	0	0	1
4046	LSP1	3	0	0	1
7297	TYK2	3	0	0	1
83879	CDCA7	3	0	0	1
11262	SP140	3	0	0	0
150962	PUS10	3	0	0	0
169792	GLIS3	3	0	0	0
23293	SMG6	3	0	0	0
23308	ICOSLG	3	0	0	0
27324	TOX3	3	0	0	0
3717	JAK2	3	0	0	0
4026	LPP	3	0	0	0
4157	MC1R	3	0	0	0
4485	MST1	3	0	0	0
5144	PDE4D	3	0	0	0
53347	UBASH3A	3	0	0	0
54899	PXK	3	0	0	0
64135	IFIH1	3	0	0	0
8320	EOMES	3	0	0	0
84159	ARID5B	3	0	0	0
8897	MTMR3	3	0	0	0
958	CD40	3	0	0	0
9966	TNFSF15	3	0	0	0
1029	CDKN2A	2	5	0	0
1030	CDKN2B	2	5	0	0
8767	RIPK2	2	4	0	1
56946	C11orf30	2	3	0	0
9173	IL1RL1	2	3	0	0
23046	KIF21B	2	2	4	0
81037	CLPTM1L	2	2	2	0
7332	UBE2L3	2	2	0	1
79258	MMEL1	2	2	0	1
55765	C1orf106	2	2	0	0
8635	RNASET2	2	1	2	0
5334	PLCL1	2	1	1	1
3119	HLA-DQB1	2	1	1	0
79890	RIN3	2	1	0	1
11200	CHEK2	2	1	0	0
1235	CCR6	2	1	0	0
163486	DENND1B	2	1	0	0
4035	LRP1	2	1	0	0
5796	PTPRK	2	1	0	0
841	CASP8	2	1	0	0
84619	ZGPAT	2	1	0	0
8651	SOCS1	2	1	0	0
9651	PLCH2	2	1	0	0
5789	PTPRD	2	0	5	2
19	ABCA1	2	0	4	0
2212	FCGR2A	2	0	4	0
3592	IL12A	2	0	2	1
65986	ZBTB10	2	0	2	1
3990	LIPC	2	0	2	0
54622	ARL15	2	0	2	0
55289	ACOXL	2	0	2	0
5588	PRKCQ	2	0	2	0
55892	MYNN	2	0	2	0
7422	VEGFA	2	0	2	0
864	RUNX3	2	0	1	1
10198	MPHOSPH9	2	0	1	0
10253	SPRY2	2	0	1	0
10806	SDCCAG8	2	0	1	0
159296	NKX2-3	2	0	1	0
3570	IL6R	2	0	1	0
3949	LDLR	2	0	1	0
54790	TET2	2	0	1	0
56999	ADAMTS9	2	0	1	0
64170	CARD9	2	0	1	0
7299	TYR	2	0	1	0
79722	ANKRD55	2	0	1	0
8626	TP63	2	0	1	0
10964	IFI44L	2	0	0	2
8379	MAD1L1	2	0	0	2
9881	TRANK1	2	0	0	2
134430	WDR36	2	0	0	1
25902	MTHFD1L	2	0	0	1
4790	NFKB1	2	0	0	1
57476	GRAMD1B	2	0	0	1
7048	TGFBR2	2	0	0	1
7369	UMOD	2	0	0	1
90865	IL33	2	0	0	1
10454	TAB1	2	0	0	0
10666	CD226	2	0	0	0
10678	B3GNT2	2	0	0	0
1071	CETP	2	0	0	0
10758	TRAF3IP2	2	0	0	0
10979	FERMT2	2	0	0	0
120892	LRRK2	2	0	0	0
133	ADM	2	0	0	0
133482	SLCO6A1	2	0	0	0
136259	KLF14	2	0	0	0
1445	CSK	2	0	0	0
144811	LACC1	2	0	0	0
155061	ZNF746	2	0	0	0
160851	DGKH	2	0	0	0
169026	SLC30A8	2	0	0	0
1803	DPP4	2	0	0	0
221692	PHACTR1	2	0	0	0
2304	FOXE1	2	0	0	0
2494	NR5A2	2	0	0	0
25865	PRKD2	2	0	0	0
2625	GATA3	2	0	0	0
2645	GCK	2	0	0	0
2859	GPR35	2	0	0	0
29086	BABAM1	2	0	0	0
3087	HHEX	2	0	0	0
3172	HNF4A	2	0	0	0
3667	IRS1	2	0	0	0
4160	MC4R	2	0	0	0
4194	MDM4	2	0	0	0
4208	MEF2C	2	0	0	0
4285	MIPEP	2	0	0	0
490	ATP2B1	2	0	0	0
4990	SIX6	2	0	0	0
5286	PIK3C2A	2	0	0	0
5341	PLEK	2	0	0	0
5371	PML	2	0	0	0
57497	LRFN2	2	0	0	0
57705	WDFY4	2	0	0	0
57706	DENND1A	2	0	0	0
5996	RGS1	2	0	0	0
64127	NOD2	2	0	0	0
6441	SFTPD	2	0	0	0
6480	ST6GAL1	2	0	0	0
6581	SLC22A3	2	0	0	0
6774	STAT3	2	0	0	0
7096	TLR1	2	0	0	0
7132	TNFRSF1A	2	0	0	0
79932	KIAA0319L	2	0	0	0
8091	HMGA2	2	0	0	0
8477	GPR65	2	0	0	0
85480	TSLP	2	0	0	0
861	RUNX1	2	0	0	0
8882	ZPR1	2	0	0	0
8935	SKAP2	2	0	0	0
9055	PRC1	2	0	0	0
9745	ZNF536	2	0	0	0
55876	GSDMB	1	4	0	1
23534	TNPO3	1	4	0	0
2615	LRRC32	1	4	0	0
6311	ATXN2	1	4	0	0
22806	IKZF3	1	3	4	0
10745	PHTF1	1	3	0	0
8809	IL18R1	1	3	0	0
3558	IL2	1	2	1	2
639	PRDM1	1	2	0	1
1017	CDK2	1	2	0	0
200728	TMEM17	1	2	0	0
5462	POU5F1B	1	2	0	0
55193	PBRM1	1	2	0	0
63826	SRR	1	2	0	0
6821	SUOX	1	2	0	0
8204	NRIP1	1	2	0	0
8807	IL18RAP	1	2	0	0
940	CD28	1	2	0	0
23294	ANKS1A	1	1	2	1
55770	EXOC2	1	1	2	0
3662	IRF4	1	1	1	1
7292	TNFSF4	1	1	1	1
10413	YAP1	1	1	1	0
10452	TOMM40	1	1	1	0
10636	RGS14	1	1	1	0
1191	CLU	1	1	1	0
150223	YDJC	1	1	1	0
23644	EDC4	1	1	1	0
2720	GLB1	1	1	1	0
3635	INPP5D	1	1	1	0
5937	RBMS1	1	1	1	0
595	CCND1	1	1	1	0
643	CXCR5	1	1	1	0
84162	KIAA1109	1	1	1	0
8764	TNFRSF14	1	1	1	0
9474	ATG5	1	1	1	0
125	ADH1B	1	1	0	1
2065	ERBB3	1	1	0	1
23314	SATB2	1	1	0	1
29851	ICOS	1	1	0	1
348	APOE	1	1	0	1
348980	HCN1	1	1	0	1
353145	LCE3E	1	1	0	1
3595	IL12RB2	1	1	0	1
3604	TNFRSF9	1	1	0	1
3630	INS	1	1	0	1
3992	FADS1	1	1	0	1
5017	OVOL1	1	1	0	1
6910	TBX5	1	1	0	1
10018	BCL2L11	1	1	0	0
10690	FUT9	1	1	0	0
108	ADCY2	1	1	0	0
11085	ADAM30	1	1	0	0
116449	CLNK	1	1	0	0
116519	APOA5	1	1	0	0
116985	ARAP1	1	1	0	0
1230	CCR1	1	1	0	0
1232	CCR3	1	1	0	0
130540	ALS2CR12	1	1	0	0
1437	CSF2	1	1	0	0
1463	NCAN	1	1	0	0
1540	CYLD	1	1	0	0
1591	CYP24A1	1	1	0	0
160365	CLECL1	1	1	0	0
1656	DDX6	1	1	0	0
167826	OLIG3	1	1	0	0
1788	DNMT3A	1	1	0	0
219771	CCNY	1	1	0	0
219790	RTKN2	1	1	0	0
2313	FLI1	1	1	0	0
23301	EHBP1	1	1	0	0
23569	PADI4	1	1	0	0
246778	IL27	1	1	0	0
26579	MYEOV	1	1	0	0
284110	GSDMA	1	1	0	0
341	APOC1	1	1	0	0
3516	RBPJ	1	1	0	0
3562	IL3	1	1	0	0
3588	IL10RB	1	1	0	0
3655	ITGA6	1	1	0	0
3782	KCNN3	1	1	0	0
3931	LCAT	1	1	0	0
4317	MMP8	1	1	0	0
4824	NKX3-1	1	1	0	0
4843	NOS2	1	1	0	0
4853	NOTCH2	1	1	0	0
4905	NSF	1	1	0	0
51300	TIMMDC1	1	1	0	0
56479	KCNQ5	1	1	0	0
5887	RAD23B	1	1	0	0
6176	RPLP1	1	1	0	0
64215	DNAJC1	1	1	0	0
6503	SLA	1	1	0	0
6569	SLC34A1	1	1	0	0
6582	SLC22A2	1	1	0	0
6653	SORL1	1	1	0	0
7038	TG	1	1	0	0
7444	VRK2	1	1	0	0
7738	ZNF184	1	1	0	0
8028	MLLT10	1	1	0	0
816	CAMK2B	1	1	0	0
84433	CARD11	1	1	0	0
84444	DOT1L	1	1	0	0
8631	SKAP1	1	1	0	0
91272	BOD1	1	1	0	0
9861	PSMD6	1	1	0	0
55024	BANK1	1	0	5	0
7850	IL1R2	1	0	5	0
2903	GRIN2A	1	0	4	0
473	RERE	1	0	4	0
91752	ZNF804A	1	0	4	0
9844	ELMO1	1	0	4	0
10085	EDIL3	1	0	3	0
115352	FCRL3	1	0	3	0
54715	RBFOX1	1	0	3	0
79728	PALB2	1	0	3	0
84441	MAML2	1	0	3	0
1804	DPP6	1	0	2	2
5744	PTHLH	1	0	2	2
338	APOB	1	0	2	1
8854	ALDH1A2	1	0	2	1
9369	NRXN3	1	0	2	1
10451	VAV3	1	0	2	0
140733	MACROD2	1	0	2	0
145946	SPATA8	1	0	2	0
152330	CNTN4	1	0	2	0
1653	DDX1	1	0	2	0
2072	ERCC4	1	0	2	0
2294	FOXF1	1	0	2	0
27086	FOXP1	1	0	2	0
2736	GLI2	1	0	2	0
3560	IL2RB	1	0	2	0
3709	ITPR2	1	0	2	0
4642	MYO1D	1	0	2	0
54828	BCAS3	1	0	2	0
55351	STK32B	1	0	2	0
58480	RHOU	1	0	2	0
6660	SOX5	1	0	2	0
6927	HNF1A	1	0	2	0
80762	NDFIP1	1	0	2	0
90627	STARD13	1	0	2	0
919	CD247	1	0	2	0
127018	LYPLAL1	1	0	1	2
4094	MAF	1	0	1	2
6014	RIT2	1	0	1	2
2099	ESR1	1	0	1	1
2263	FGFR2	1	0	1	1
25797	QPCT	1	0	1	1
25817	FAM19A5	1	0	1	1
338645	LUZP2	1	0	1	1
3625	INHBB	1	0	1	1
4295	MLN	1	0	1	1
4982	TNFRSF11B	1	0	1	1
55170	PRMT6	1	0	1	1
55966	AJAP1	1	0	1	1
6641	SNTB1	1	0	1	1
79660	PPP1R3B	1	0	1	1
1007	CDH9	1	0	1	0
10538	BATF	1	0	1	0
10644	IGF2BP2	1	0	1	0
10743	RAI1	1	0	1	0
11124	FAF1	1	0	1	0
1131	CHRM3	1	0	1	0
11315	PARK7	1	0	1	0
120224	TMEM45B	1	0	1	0
129787	TMEM18	1	0	1	0
143187	VTI1A	1	0	1	0
1512	CTSH	1	0	1	0
1601	DAB2	1	0	1	0
1879	EBF1	1	0	1	0
201266	SLC39A11	1	0	1	0
2042	EPHA3	1	0	1	0
2066	ERBB4	1	0	1	0
2122	MECOM	1	0	1	0
2200	FBN1	1	0	1	0
220929	ZNF438	1	0	1	0
2242	FES	1	0	1	0
23112	TNRC6B	1	0	1	0
23216	TBC1D1	1	0	1	0
23245	ASTN2	1	0	1	0
23263	MCF2L	1	0	1	0
23418	CRB1	1	0	1	0
2492	FSHR	1	0	1	0
256536	TCERG1L	1	0	1	0
257194	NEGR1	1	0	1	0
274	BIN1	1	0	1	0
2823	GPM6A	1	0	1	0
284217	LAMA1	1	0	1	0
284274	SMIM21	1	0	1	0
29967	LRP12	1	0	1	0
3084	NRG1	1	0	1	0
3092	HIP1	1	0	1	0
3643	INSR	1	0	1	0
3683	ITGAL	1	0	1	0
387103	CENPW	1	0	1	0
3899	AFF3	1	0	1	0
4008	LMO7	1	0	1	0
4023	LPL	1	0	1	0
4124	MAN2A1	1	0	1	0
4214	MAP3K1	1	0	1	0
4299	AFF1	1	0	1	0
4321	MMP12	1	0	1	0
4520	MTF1	1	0	1	0
4602	MYB	1	0	1	0
5071	PARK2	1	0	1	0
51176	LEF1	1	0	1	0
51272	BET1L	1	0	1	0
51422	PRKAG2	1	0	1	0
53335	BCL11A	1	0	1	0
5366	PMAIP1	1	0	1	0
5454	POU3F2	1	0	1	0
54887	UHRF1BP1	1	0	1	0
55568	GALNT10	1	0	1	0
55691	FRMD4A	1	0	1	0
5583	PRKCH	1	0	1	0
55905	RNF114	1	0	1	0
56606	SLC2A9	1	0	1	0
57172	CAMK1G	1	0	1	0
57511	COG6	1	0	1	0
57514	ARHGAP31	1	0	1	0
57531	HACE1	1	0	1	0
57554	LRRC7	1	0	1	0
6387	CXCL12	1	0	1	0
6664	SOX11	1	0	1	0
6733	SRPK2	1	0	1	0
7021	TFAP2B	1	0	1	0
7088	TLE1	1	0	1	0
7091	TLE4	1	0	1	0
7253	TSHR	1	0	1	0
744	MPPED2	1	0	1	0
817	CAMK2D	1	0	1	0
8301	PICALM	1	0	1	0
83539	CHST9	1	0	1	0
8395	PIP5K1B	1	0	1	0
8924	HERC2	1	0	1	0
8986	RPS6KA4	1	0	1	0
8995	TNFSF18	1	0	1	0
9162	DGKI	1	0	1	0
921	CD5	1	0	1	0
9415	FADS2	1	0	1	0
94234	FOXQ1	1	0	1	0
9429	ABCG2	1	0	1	0
9436	NCR2	1	0	1	0
9457	FHL5	1	0	1	0
960	CD44	1	0	1	0
9734	HDAC9	1	0	1	0
9855	FARP2	1	0	1	0
9914	ATP2C2	1	0	1	0
83943	IMMP2L	1	0	0	3
2524	FUT2	1	0	0	2
5156	PDGFRA	1	0	0	2
7042	TGFB2	1	0	0	2
767	CA8	1	0	0	2
100996485	C5orf66	1	0	0	1
10100	TSPAN2	1	0	0	1
10884	MRPS30	1	0	0	1
11086	ADAM29	1	0	0	1
123041	SLC24A4	1	0	0	1
1233	CCR4	1	0	0	1
1295	COL8A1	1	0	0	1
151887	CCDC80	1	0	0	1
152002	XXYLT1	1	0	0	1
153090	DAB2IP	1	0	0	1
196527	ANO6	1	0	0	1
2034	EPAS1	1	0	0	1
2863	GPR39	1	0	0	1
287015	TRIM42	1	0	0	1
3002	GZMB	1	0	0	1
354	KLK3	1	0	0	1
3579	CXCR2	1	0	0	1
3763	KCNJ6	1	0	0	1
3908	LAMA2	1	0	0	1
5081	PAX7	1	0	0	1
5099	PCDH7	1	0	0	1
51074	APIP	1	0	0	1
5195	PEX14	1	0	0	1
54847	SIDT1	1	0	0	1
55603	FAM46A	1	0	0	1
55690	PACS1	1	0	0	1
57661	PHRF1	1	0	0	1
57795	BRINP2	1	0	0	1
6272	SORT1	1	0	0	1
650	BMP2	1	0	0	1
6555	SLC10A2	1	0	0	1
6781	STC1	1	0	0	1
7046	TGFBR1	1	0	0	1
7054	TH	1	0	0	1
79698	ZMAT4	1	0	0	1
79783	SUGCT	1	0	0	1
8170	SLC14A2	1	0	0	1
9241	NOG	1	0	0	1
9341	VAMP3	1	0	0	1
9755	TBKBP1	1	0	0	1
10	NAT2	1	0	0	0
10048	RANBP9	1	0	0	0
10062	NR1H3	1	0	0	0
100631383	FAM47E-STBD1	1	0	0	0
10077	TSPAN32	1	0	0	0
10133	OPTN	1	0	0	0
10144	FAM13A	1	0	0	0
1021	CDK6	1	0	0	0
10239	AP3S2	1	0	0	0
1027	CDKN1B	1	0	0	0
10274	STAG1	1	0	0	0
10285	SMNDC1	1	0	0	0
10347	ABCA7	1	0	0	0
10363	HMG20A	1	0	0	0
10460	TACC3	1	0	0	0
10461	MERTK	1	0	0	0
1053	CEBPE	1	0	0	0
10544	PROCR	1	0	0	0
10562	OLFM4	1	0	0	0
10611	PDLIM5	1	0	0	0
10658	CELF1	1	0	0	0
10717	AP4B1	1	0	0	0
10766	TOB2	1	0	0	0
10892	MALT1	1	0	0	0
10981	RAB32	1	0	0	0
11026	LILRA3	1	0	0	0
111	ADCY5	1	0	0	0
11127	KIF3A	1	0	0	0
11136	SLC7A9	1	0	0	0
11173	ADAMTS7	1	0	0	0
11261	CHP1	1	0	0	0
1142	CHRNB3	1	0	0	0
114781	BTBD9	1	0	0	0
114836	SLAMF6	1	0	0	0
114905	C1QTNF7	1	0	0	0
115019	SLC26A9	1	0	0	0
116379	IL22RA2	1	0	0	0
1201	CLN3	1	0	0	0
120400	NXPE1	1	0	0	0
121260	SLC15A4	1	0	0	0
122618	PLD4	1	0	0	0
124359	CDYL2	1	0	0	0
127255	LRRIQ3	1	0	0	0
127665	ZNF648	1	0	0	0
128869	PIGU	1	0	0	0
129080	EMID1	1	0	0	0
1300	COL10A1	1	0	0	0
1301	COL11A1	1	0	0	0
135154	SDHAF4	1	0	0	0
1353	COX11	1	0	0	0
1378	CR1	1	0	0	0
1389	CREBL2	1	0	0	0
1390	CREM	1	0	0	0
1435	CSF1	1	0	0	0
144100	PLEKHA7	1	0	0	0
145173	B3GLCT	1	0	0	0
1452	CSNK1A1	1	0	0	0
146198	ZFP90	1	0	0	0
1471	CST3	1	0	0	0
148867	SLC30A7	1	0	0	0
157869	SBSPON	1	0	0	0
1592	CYP26A1	1	0	0	0
1594	CYP27B1	1	0	0	0
1602	DACH1	1	0	0	0
1609	DGKQ	1	0	0	0
1611	DAP	1	0	0	0
1665	DHX15	1	0	0	0
173	AFM	1	0	0	0
1738	DLD	1	0	0	0
1746	DLX2	1	0	0	0
1813	DRD2	1	0	0	0
182	JAG1	1	0	0	0
1908	EDN3	1	0	0	0
200734	SPRED2	1	0	0	0
201232	SLC16A13	1	0	0	0
201799	TMEM154	1	0	0	0
202151	RANBP3L	1	0	0	0
203062	TSNARE1	1	0	0	0
203228	C9orf72	1	0	0	0
2041	EPHA1	1	0	0	0
2185	PTK2B	1	0	0	0
2186	BPTF	1	0	0	0
2192	FBLN1	1	0	0	0
219333	USP12	1	0	0	0
222546	RFX6	1	0	0	0
222643	UNC5CL	1	0	0	0
222698	NKAPL	1	0	0	0
2255	FGF10	1	0	0	0
22808	MRAS	1	0	0	0
22853	LMTK2	1	0	0	0
22882	ZHX2	1	0	0	0
22884	WDR37	1	0	0	0
22913	RALY	1	0	0	0
22920	KIFAP3	1	0	0	0
22925	PLA2R1	1	0	0	0
22979	EFR3B	1	0	0	0
22997	IGSF9B	1	0	0	0
22999	RIMS1	1	0	0	0
23025	UNC13A	1	0	0	0
23118	TAB2	1	0	0	0
2312	FLG	1	0	0	0
2315	MLANA	1	0	0	0
23165	NUP205	1	0	0	0
23242	COBL	1	0	0	0
23252	OTUD3	1	0	0	0
23271	CAMSAP2	1	0	0	0
23373	CRTC1	1	0	0	0
23492	CBX7	1	0	0	0
23495	TNFRSF13B	1	0	0	0
23539	SLC16A8	1	0	0	0
23607	CD2AP	1	0	0	0
253461	ZBTB38	1	0	0	0
254122	SNX32	1	0	0	0
255738	PCSK9	1	0	0	0
256021	C12orf79	1	0	0	0
256764	WDR72	1	0	0	0
25780	RASGRP3	1	0	0	0
25791	NGEF	1	0	0	0
25874	MPC2	1	0	0	0
25896	INTS7	1	0	0	0
2590	GALNT2	1	0	0	0
25913	POT1	1	0	0	0
25976	TIPARP	1	0	0	0
26034	IPCEF1	1	0	0	0
26086	GPSM1	1	0	0	0
26137	ZBTB20	1	0	0	0
26166	RGS22	1	0	0	0
2628	GATM	1	0	0	0
2629	GBA	1	0	0	0
26575	RGS17	1	0	0	0
26974	ZNF285	1	0	0	0
27012	KCNV1	1	0	0	0
27120	DKKL1	1	0	0	0
27257	LSM1	1	0	0	0
27340	UTP20	1	0	0	0
27347	STK39	1	0	0	0
2762	GMDS	1	0	0	0
2768	GNA12	1	0	0	0
2834	PRLHR	1	0	0	0
283742	FAM98B	1	0	0	0
284119	PTRF	1	0	0	0
284382	ACTL9	1	0	0	0
285761	DCBLD1	1	0	0	0
286	ANK1	1	0	0	0
2869	GRK5	1	0	0	0
2879	GPX4	1	0	0	0
2888	GRB14	1	0	0	0
2890	GRIA1	1	0	0	0
2893	GRIA4	1	0	0	0
29015	SLC43A3	1	0	0	0
2913	GRM3	1	0	0	0
2982	GUCY1A3	1	0	0	0
29841	GRHL1	1	0	0	0
3043	HBB	1	0	0	0
306	ANXA3	1	0	0	0
3075	CFH	1	0	0	0
311	ANXA11	1	0	0	0
3126	HLA-DRB4	1	0	0	0
3174	HNF4G	1	0	0	0
3215	HOXB5	1	0	0	0
326	AIRE	1	0	0	0
337867	UBAC2	1	0	0	0
3426	CFI	1	0	0	0
345611	IRGM	1	0	0	0
3458	IFNG	1	0	0	0
3460	IFNGR2	1	0	0	0
347735	SERINC2	1	0	0	0
353238	PADI6	1	0	0	0
355	FAS	1	0	0	0
358	AQP1	1	0	0	0
360203	GLT6D1	1	0	0	0
3664	IRF6	1	0	0	0
3708	ITPR1	1	0	0	0
374	AREG	1	0	0	0
374470	C12orf42	1	0	0	0
375056	MIA3	1	0	0	0
3759	KCNJ2	1	0	0	0
3767	KCNJ11	1	0	0	0
3783	KCNN4	1	0	0	0
3784	KCNQ1	1	0	0	0
388125	C2CD4B	1	0	0	0
388336	SHISA6	1	0	0	0
389015	SLC9A4	1	0	0	0
391196	OR2M7	1	0	0	0
392636	AGMO	1	0	0	0
3952	LEP	1	0	0	0
3953	LEPR	1	0	0	0
3973	LHCGR	1	0	0	0
3988	LIPA	1	0	0	0
399947	C11orf87	1	0	0	0
399979	SNX19	1	0	0	0
4004	LMO1	1	0	0	0
400935	IL17REL	1	0	0	0
4016	LOXL1	1	0	0	0
4018	LPA	1	0	0	0
4137	MAPT	1	0	0	0
4209	MEF2D	1	0	0	0
4211	MEIS1	1	0	0	0
4316	MMP7	1	0	0	0
440193	CCDC88C	1	0	0	0
440836	ODF3B	1	0	0	0
441168	FAM26F	1	0	0	0
443	ASPA	1	0	0	0
4477	MSMB	1	0	0	0
4600	MX2	1	0	0	0
4633	MYL2	1	0	0	0
4646	MYO6	1	0	0	0
472	ATM	1	0	0	0
4792	NFKBIA	1	0	0	0
4794	NFKBIE	1	0	0	0
4856	NOV	1	0	0	0
4862	NPAS2	1	0	0	0
488	ATP2A2	1	0	0	0
4883	NPR3	1	0	0	0
4900	NRGN	1	0	0	0
4956	ODF1	1	0	0	0
5078	PAX4	1	0	0	0
5083	PAX9	1	0	0	0
5095	PCCA	1	0	0	0
51061	TXNDC11	1	0	0	0
51085	MLXIPL	1	0	0	0
51144	HSD17B12	1	0	0	0
51314	NME8	1	0	0	0
5138	PDE2A	1	0	0	0
51530	ZC3HC1	1	0	0	0
51561	IL23A	1	0	0	0
51562	MBIP	1	0	0	0
5184	PEPD	1	0	0	0
5294	PIK3CG	1	0	0	0
5420	PODXL	1	0	0	0
54209	TREM2	1	0	0	0
54469	ZFAND6	1	0	0	0
54472	TOLLIP	1	0	0	0
54499	TMCO1	1	0	0	0
5453	POU3F1	1	0	0	0
54546	RNF186	1	0	0	0
54620	FBXL19	1	0	0	0
5468	PPARG	1	0	0	0
5469	MED1	1	0	0	0
54806	AHI1	1	0	0	0
54984	PINX1	1	0	0	0
54986	ULK4	1	0	0	0
55027	HEATR3	1	0	0	0
55054	ATG16L1	1	0	0	0
55063	ZCWPW1	1	0	0	0
55275	VPS53	1	0	0	0
55328	RNLS	1	0	0	0
55332	DRAM1	1	0	0	0
5536	PPP5C	1	0	0	0
55423	SIRPG	1	0	0	0
55600	ITLN1	1	0	0	0
5562	PRKAA1	1	0	0	0
55722	CEP72	1	0	0	0
55729	ATF7IP	1	0	0	0
55755	CDK5RAP2	1	0	0	0
55759	WDR12	1	0	0	0
55825	PECR	1	0	0	0
5587	PRKD1	1	0	0	0
5594	MAPK1	1	0	0	0
55973	BCAP29	1	0	0	0
56033	BARX1	1	0	0	0
5607	MAP2K5	1	0	0	0
56169	GSDMC	1	0	0	0
5621	PRNP	1	0	0	0
56241	SUSD2	1	0	0	0
5630	PRPH	1	0	0	0
56342	PPAN	1	0	0	0
5644	PRSS1	1	0	0	0
5654	HTRA1	1	0	0	0
56603	CYP26B1	1	0	0	0
56890	MDM1	1	0	0	0
56922	MCCC1	1	0	0	0
56924	PAK6	1	0	0	0
57091	CASS4	1	0	0	0
571	BACH1	1	0	0	0
57188	ADAMTSL3	1	0	0	0
57223	SMEK2	1	0	0	0
57369	GJD2	1	0	0	0
57561	ARRDC3	1	0	0	0
57591	MKL1	1	0	0	0
57606	SLAIN2	1	0	0	0
57608	KIAA1462	1	0	0	0
57619	SHROOM3	1	0	0	0
57623	ZFAT	1	0	0	0
57688	ZSWIM6	1	0	0	0
57698	SHTN1	1	0	0	0
578	BAK1	1	0	0	0
57818	G6PC2	1	0	0	0
5799	PTPRN2	1	0	0	0
580	BARD1	1	0	0	0
5801	PTPRR	1	0	0	0
5819	PVRL2	1	0	0	0
5906	RAP1A	1	0	0	0
5923	RASGRF1	1	0	0	0
59277	NTN4	1	0	0	0
5932	RBBP8	1	0	0	0
59352	LGR6	1	0	0	0
5959	RDH5	1	0	0	0
596	BCL2	1	0	0	0
5978	REST	1	0	0	0
60312	AFAP1	1	0	0	0
60678	EEFSEC	1	0	0	0
60685	ZFAND3	1	0	0	0
6096	RORB	1	0	0	0
6125	RPL5	1	0	0	0
63027	SLC22A23	1	0	0	0
6366	CCL21	1	0	0	0
63976	PRDM16	1	0	0	0
64167	ERAP2	1	0	0	0
64231	MS4A6A	1	0	0	0
642987	TMEM232	1	0	0	0
64321	SOX17	1	0	0	0
64332	NFKBIZ	1	0	0	0
64399	HHIP	1	0	0	0
64641	EBF2	1	0	0	0
646960	PRSS56	1	0	0	0
64864	RFX7	1	0	0	0
64919	BCL11B	1	0	0	0
65264	UBE2Z	1	0	0	0
652968	GATSL3	1	0	0	0
6540	SLC6A13	1	0	0	0
6565	SLC15A2	1	0	0	0
6580	SLC22A1	1	0	0	0
66037	BOLL	1	0	0	0
6622	SNCA	1	0	0	0
6662	SOX9	1	0	0	0
6689	SPIB	1	0	0	0
683	BST1	1	0	0	0
6929	TCF3	1	0	0	0
6943	TCF21	1	0	0	0
6955	TRA	1	0	0	0
6957	TRB	1	0	0	0
7006	TEC	1	0	0	0
7029	TFDP2	1	0	0	0
7031	TFF1	1	0	0	0
7053	TGM3	1	0	0	0
7062	TCHH	1	0	0	0
708	C1QBP	1	0	0	0
7080	NKX2-1	1	0	0	0
7090	TLE3	1	0	0	0
7127	TNFAIP2	1	0	0	0
7163	TPD52	1	0	0	0
718	C3	1	0	0	0
7184	HSP90B1	1	0	0	0
7185	TRAF1	1	0	0	0
7321	UBE2D1	1	0	0	0
7325	UBE2E2	1	0	0	0
7349	UCN	1	0	0	0
7356	SCGB1A1	1	0	0	0
7434	VIPR2	1	0	0	0
7466	WFS1	1	0	0	0
7494	XBP1	1	0	0	0
7709	ZBTB17	1	0	0	0
776	CACNA1D	1	0	0	0
79054	TRPM8	1	0	0	0
79083	MLPH	1	0	0	0
79571	GCC1	1	0	0	0
79682	CENPU	1	0	0	0
7984	ARHGEF5	1	0	0	0
79934	ADCK4	1	0	0	0
79977	GRHL2	1	0	0	0
8000	PSCA	1	0	0	0
80114	BICC1	1	0	0	0
80150	ASRGL1	1	0	0	0
80267	EDEM3	1	0	0	0
80310	PDGFD	1	0	0	0
80315	CPEB4	1	0	0	0
80326	WNT10A	1	0	0	0
808	CALM3	1	0	0	0
81501	DCSTAMP	1	0	0	0
81562	LMAN2L	1	0	0	0
81603	TRIM8	1	0	0	0
81606	LBH	1	0	0	0
8178	ELL	1	0	0	0
8302	KLRC4	1	0	0	0
83795	KCNK16	1	0	0	0
83857	TMTC1	1	0	0	0
83935	TMEM133	1	0	0	0
8398	PLA2G6	1	0	0	0
840	CASP7	1	0	0	0
84071	ARMC2	1	0	0	0
84327	ZBED3	1	0	0	0
84439	HHIPL1	1	0	0	0
84648	LCE3D	1	0	0	0
84769	MPV17L2	1	0	0	0
84870	RSPO3	1	0	0	0
84909	C9orf3	1	0	0	0
85301	COL27A1	1	0	0	0
8542	APOL1	1	0	0	0
8600	TNFSF11	1	0	0	0
8613	PPAP2B	1	0	0	0
8624	PSMG1	1	0	0	0
868	CBLB	1	0	0	0
8740	TNFSF14	1	0	0	0
8741	TNFSF13	1	0	0	0
8792	TNFRSF11A	1	0	0	0
8844	KSR1	1	0	0	0
8872	CDC123	1	0	0	0
89795	NAV3	1	0	0	0
898	CCNE1	1	0	0	0
9001	HAP1	1	0	0	0
9027	NAT8	1	0	0	0
90355	C5orf30	1	0	0	0
9108	MTMR7	1	0	0	0
914	CD2	1	0	0	0
9145	SYNGR1	1	0	0	0
923	CD6	1	0	0	0
92421	CHMP4C	1	0	0	0
92912	UBE2Q2	1	0	0	0
9308	CD83	1	0	0	0
9348	NDST3	1	0	0	0
94026	POM121L2	1	0	0	0
9414	TJP2	1	0	0	0
942	CD86	1	0	0	0
94241	TP53INP1	1	0	0	0
945	CD33	1	0	0	0
9469	CHST3	1	0	0	0
949	SCARB1	1	0	0	0
9497	SLC4A7	1	0	0	0
9526	MPDU1	1	0	0	0
9531	BAG3	1	0	0	0
9559	VPS26A	1	0	0	0
965	CD58	1	0	0	0
969	CD69	1	0	0	0
9702	CEP57	1	0	0	0
9760	TOX	1	0	0	0
9779	TBC1D5	1	0	0	0
9877	ZC3H11A	1	0	0	0
9978	RBX1	1	0	0	0
9992	KCNE2	1	0	0	0
22978	NT5C2	0	5	0	0
55830	GLT8D1	0	5	0	0
147	ADRA1B	0	4	1	2
196513	DCP1B	0	4	1	0
124626	ZPBP2	0	4	0	1
1138	CHRNA5	0	4	0	0
83648	FAM167A	0	4	0	0
1586	CYP17A1	0	3	1	0
51750	RTEL1	0	3	1	0
84624	FNDC1	0	3	1	0
430	ASCL2	0	3	0	1
11116	FGFR1OP	0	3	0	0
1143	CHRNB4	0	3	0	0
123688	HYKK	0	3	0	0
26354	GNL3	0	3	0	0
3700	ITIH4	0	3	0	0
375616	KCP	0	3	0	0
56731	SLC2A4RG	0	3	0	0
5781	PTPN11	0	3	0	0
5869	RAB5B	0	3	0	0
63951	DMRTA1	0	3	0	0
29960	FTSJ2	0	2	2	0
64123	ADGRL4	0	2	2	0
84991	RBM17	0	2	2	0
140685	ZBTB46	0	2	1	0
3697	ITIH1	0	2	1	0
3710	ITPR3	0	2	1	0
4126	MANBA	0	2	1	0
5685	PSMA4	0	2	1	0
6231	RPS26	0	2	1	0
6671	SP4	0	2	1	0
84890	ADO	0	2	1	0
3554	IL1R1	0	2	0	5
57624	NYAP2	0	2	0	3
10561	IFI44	0	2	0	2
59067	IL21	0	2	0	2
100130988	C7orf72	0	2	0	1
118980	SFXN2	0	2	0	1
119032	C10orf32	0	2	0	1
143686	SESN3	0	2	0	1
150274	HSCB	0	2	0	1
283598	C14orf177	0	2	0	1
3976	LIF	0	2	0	1
10446	LRRN2	0	2	0	0
10654	PMVK	0	2	0	0
10911	UTS2	0	2	0	0
11181	TREH	0	2	0	0
11188	NISCH	0	2	0	0
11344	TWF2	0	2	0	0
124460	SNX20	0	2	0	0
126549	ANKLE1	0	2	0	0
132158	GLYCTK	0	2	0	0
132160	PPM1M	0	2	0	0
2033	EP300	0	2	0	0
211	ALAS1	0	2	0	0
2161	F12	0	2	0	0
23166	STAB1	0	2	0	0
23383	MAU2	0	2	0	0
25981	DNAH1	0	2	0	0
26953	RANBP6	0	2	0	0
2876	GPX1	0	2	0	0
28972	SPCS1	0	2	0	0
29949	IL19	0	2	0	0
29956	CERS2	0	2	0	0
309	ANXA6	0	2	0	0
345456	PFN3	0	2	0	0
3572	IL6ST	0	2	0	0
3658	IREB2	0	2	0	0
3694	ITGB6	0	2	0	0
375346	TMEM110	0	2	0	0
387357	THEMIS	0	2	0	0
389125	MUSTN1	0	2	0	0
389203	SMIM20	0	2	0	0
431704	RGS21	0	2	0	0
4507	MTAP	0	2	0	0
50861	STMN3	0	2	0	0
51460	SFMBT1	0	2	0	0
51531	C9orf156	0	2	0	0
51533	PHF7	0	2	0	0
5155	PDGFB	0	2	0	0
5287	PIK3C2B	0	2	0	0
54106	TLR9	0	2	0	0
54536	EXOC6	0	2	0	0
54838	WBP1L	0	2	0	0
5580	PRKCD	0	2	0	0
56920	SEMA3G	0	2	0	0
60490	PPCDC	0	2	0	0
6122	RPL3	0	2	0	0
64318	NOC3L	0	2	0	0
64858	DCLRE1B	0	2	0	0
64895	PAPOLG	0	2	0	0
64943	NT5DC2	0	2	0	0
6621	SNAPC4	0	2	0	0
6670	SP3	0	2	0	0
678	ZFP36L2	0	2	0	0
6787	NEK4	0	2	0	0
7134	TNNC1	0	2	0	0
79925	SPEF2	0	2	0	0
79959	CEP76	0	2	0	0
80018	NAA25	0	2	0	0
80335	WDR82	0	2	0	0
8209	C21orf33	0	2	0	0
8314	BAP1	0	2	0	0
8315	BRAP	0	2	0	0
8416	ANXA9	0	2	0	0
8771	TNFRSF6B	0	2	0	0
8927	BSN	0	2	0	0
91137	SLC25A46	0	2	0	0
91869	RFT1	0	2	0	0
9314	KLF4	0	2	0	0
944	TNFSF8	0	2	0	0
9709	HERPUD1	0	2	0	0
9869	SETDB1	0	2	0	0
4482	MSRA	0	1	5	2
23414	ZFPM2	0	1	4	0
26298	EHF	0	1	3	0
389084	C2orf82	0	1	3	0
400359	C15orf53	0	1	2	2
1607	DGKB	0	1	2	0
56923	NMUR2	0	1	2	0
6239	RREB1	0	1	2	0
64072	CDH23	0	1	2	0
9586	CREB5	0	1	2	0
9682	KDM4A	0	1	2	0
10076	PTPRU	0	1	1	4
285362	SUMF1	0	1	1	4
60526	LDAH	0	1	1	2
116028	RMI2	0	1	1	1
132612	ADAD1	0	1	1	1
1404	HAPLN1	0	1	1	1
219699	UNC5B	0	1	1	1
2295	FOXF2	0	1	1	1
26010	SPATS2L	0	1	1	1
27164	SALL3	0	1	1	1
284358	MAMSTR	0	1	1	1
54465	ETAA1	0	1	1	1
79568	C2orf47	0	1	1	1
91653	BOC	0	1	1	1
10111	RAD50	0	1	1	0
10477	UBE2E3	0	1	1	0
10846	PDE10A	0	1	1	0
10955	SERINC3	0	1	1	0
11055	ZPBP	0	1	1	0
11276	SYNRG	0	1	1	0
11321	GPN1	0	1	1	0
121441	NEDD1	0	1	1	0
126	ADH1C	0	1	1	0
1272	CNTN1	0	1	1	0
131368	ZPLD1	0	1	1	0
133690	CAPSL	0	1	1	0
14	AAMP	0	1	1	0
1644	DDC	0	1	1	0
200424	TET3	0	1	1	0
2069	EREG	0	1	1	0
221294	NT5DC1	0	1	1	0
221833	SP8	0	1	1	0
2309	FOXO3	0	1	1	0
23316	CUX2	0	1	1	0
23328	SASH1	0	1	1	0
24	ABCA4	0	1	1	0
2581	GALC	0	1	1	0
25824	PRDX5	0	1	1	0
26057	ANKRD17	0	1	1	0
27074	LAMP3	0	1	1	0
27151	CPAMD8	0	1	1	0
2887	GRB10	0	1	1	0
2993	GYPA	0	1	1	0
339105	PRSS53	0	1	1	0
340273	ABCB5	0	1	1	0
343450	KCNT2	0	1	1	0
344807	CD200R1L	0	1	1	0
3659	IRF1	0	1	1	0
3817	KLK2	0	1	1	0
389136	VGLL3	0	1	1	0
4122	MAN2A2	0	1	1	0
4261	CIITA	0	1	1	0
4319	MMP10	0	1	1	0
434	ASIP	0	1	1	0
4627	MYH9	0	1	1	0
4948	OCA2	0	1	1	0
4988	OPRM1	0	1	1	0
50863	NTM	0	1	1	0
53832	IL20RA	0	1	1	0
54517	PUS7	0	1	1	0
54544	CRCT1	0	1	1	0
54922	RASIP1	0	1	1	0
55315	SLC29A3	0	1	1	0
55471	NDUFAF7	0	1	1	0
55824	PAG1	0	1	1	0
5699	PSMB10	0	1	1	0
57157	PHTF2	0	1	1	0
57544	TXNDC16	0	1	1	0
5817	PVR	0	1	1	0
59	ACTA2	0	1	1	0
59338	PLEKHA1	0	1	1	0
60625	DHX35	0	1	1	0
6347	CCL2	0	1	1	0
64089	SNX16	0	1	1	0
64359	NXN	0	1	1	0
6584	SLC22A5	0	1	1	0
70	ACTC1	0	1	1	0
7473	WNT3	0	1	1	0
7546	ZIC2	0	1	1	0
79817	MOB3B	0	1	1	0
80129	CCDC170	0	1	1	0
84517	ACTRT3	0	1	1	0
8658	TNKS	0	1	1	0
87	ACTN1	0	1	1	0
8840	WISP1	0	1	1	0
90273	CEACAM21	0	1	1	0
9118	INA	0	1	1	0
9312	KCNB2	0	1	1	0
9658	ZNF516	0	1	1	0
9705	ST18	0	1	1	0
4146	MATN1	0	1	0	5
8558	CDK10	0	1	0	4
3310	HSPA6	0	1	0	3
51185	CRBN	0	1	0	3
55297	CCDC91	0	1	0	3
54832	VPS13C	0	1	0	2
55075	UACA	0	1	0	2
6860	SYT4	0	1	0	2
6885	MAP3K7	0	1	0	2
831	CAST	0	1	0	2
83657	DYNLRB2	0	1	0	2
84811	BUD13	0	1	0	2
100526783	C15orf38-AP3S2	0	1	0	1
10438	C1D	0	1	0	1
10584	COLEC10	0	1	0	1
10863	ADAM28	0	1	0	1
10877	CFHR4	0	1	0	1
11259	FILIP1L	0	1	0	1
130	ADH6	0	1	0	1
130497	OSR1	0	1	0	1
131096	KCNH8	0	1	0	1
137695	TMEM68	0	1	0	1
161742	SPRED1	0	1	0	1
1628	DBP	0	1	0	1
1716	DGUOK	0	1	0	1
221496	LEMD2	0	1	0	1
2248	FGF3	0	1	0	1
2249	FGF4	0	1	0	1
23683	PRKD3	0	1	0	1
255324	EPGN	0	1	0	1
26271	FBXO5	0	1	0	1
2805	GOT1	0	1	0	1
2813	GP2	0	1	0	1
284359	IZUMO1	0	1	0	1
285016	FAM150B	0	1	0	1
285521	COX18	0	1	0	1
285753	CEP57L1	0	1	0	1
29970	SCHIP1	0	1	0	1
330	BIRC3	0	1	0	1
3481	IGF2	0	1	0	1
356	FASLG	0	1	0	1
3577	CXCR1	0	1	0	1
3687	ITGAX	0	1	0	1
3837	KPNB1	0	1	0	1
387715	ARMS2	0	1	0	1
388551	CEACAM16	0	1	0	1
389432	SAMD5	0	1	0	1
400757	C1orf141	0	1	0	1
4179	CD46	0	1	0	1
4314	MMP3	0	1	0	1
4803	NGF	0	1	0	1
4804	NGFR	0	1	0	1
5045	FURIN	0	1	0	1
51375	SNX7	0	1	0	1
55101	ATP5SL	0	1	0	1
55178	RNMTL1	0	1	0	1
55363	HEMGN	0	1	0	1
55504	TNFRSF19	0	1	0	1
56832	IFNK	0	1	0	1
56848	SPHK2	0	1	0	1
5792	PTPRF	0	1	0	1
602	BCL3	0	1	0	1
604	BCL6	0	1	0	1
6098	ROS1	0	1	0	1
65056	GPBP1	0	1	0	1
6583	SLC22A4	0	1	0	1
6615	SNAI1	0	1	0	1
6926	TBX3	0	1	0	1
7071	KLF10	0	1	0	1
7103	TSPAN8	0	1	0	1
723961	INS-IGF2	0	1	0	1
729993	SHISA9	0	1	0	1
746	TMEM258	0	1	0	1
80821	DDHD1	0	1	0	1
81494	CFHR5	0	1	0	1
8538	BARX2	0	1	0	1
8549	LGR5	0	1	0	1
8788	DLK1	0	1	0	1
89866	SEC16B	0	1	0	1
9034	CCRL2	0	1	0	1
91056	AP5B1	0	1	0	1
100	ADA	0	1	0	0
10000	AKT3	0	1	0	0
1001	CDH3	0	1	0	0
100131244	ANKRD63	0	1	0	0
100287898	TTC34	0	1	0	0
100381270	ZBED6	0	1	0	0
100505877	UBE2E2-AS1	0	1	0	0
100506627	DCDC5	0	1	0	0
100526772	TMEM110-MUSTN1	0	1	0	0
100528032	KLRC4-KLRK1	0	1	0	0
1008	CDH10	0	1	0	0
10090	UST	0	1	0	0
10121	ACTR1A	0	1	0	0
10139	ARFRP1	0	1	0	0
10153	CEBPZ	0	1	0	0
101928947	LOC101928947	0	1	0	0
10204	NUTF2	0	1	0	0
10221	TRIB1	0	1	0	0
102724536	PRR33	0	1	0	0
10279	PRSS16	0	1	0	0
103	ADAR	0	1	0	0
10385	BTN2A2	0	1	0	0
10394	PRG3	0	1	0	0
10400	PEMT	0	1	0	0
10404	CPQ	0	1	0	0
10481	HOXB13	0	1	0	0
10494	STK25	0	1	0	0
1050	CEBPA	0	1	0	0
10529	NEBL	0	1	0	0
10642	IGF2BP1	0	1	0	0
10652	YKT6	0	1	0	0
1072	CFL1	0	1	0	0
10767	HBS1L	0	1	0	0
10786	SLC17A3	0	1	0	0
10791	VAMP5	0	1	0	0
10803	CCR9	0	1	0	0
10807	SDCCAG3	0	1	0	0
10881	ACTL7A	0	1	0	0
10891	PPARGC1A	0	1	0	0
109	ADCY3	0	1	0	0
10906	TRAFD1	0	1	0	0
10913	EDAR	0	1	0	0
10933	MORF4L1	0	1	0	0
10951	CBX1	0	1	0	0
10960	LMAN2	0	1	0	0
10978	CLP1	0	1	0	0
11023	VAX1	0	1	0	0
11036	GTF2A1L	0	1	0	0
11047	ADRM1	0	1	0	0
11056	DDX52	0	1	0	0
11072	DUSP14	0	1	0	0
11076	TPPP	0	1	0	0
11102	RPP14	0	1	0	0
11118	BTN3A2	0	1	0	0
11119	BTN3A1	0	1	0	0
11170	FAM107A	0	1	0	0
11172	INSL6	0	1	0	0
11185	INMT	0	1	0	0
11190	CEP250	0	1	0	0
112398	EGLN2	0	1	0	0
11247	NXPH4	0	1	0	0
11255	HRH3	0	1	0	0
11267	SNF8	0	1	0	0
11278	KLF12	0	1	0	0
113146	AHNAK2	0	1	0	0
113220	KIF12	0	1	0	0
11336	EXOC3	0	1	0	0
1137	CHRNA4	0	1	0	0
113746	ODF3	0	1	0	0
114134	SLC2A13	0	1	0	0
1146	CHRNG	0	1	0	0
114908	TMEM123	0	1	0	0
114926	SMIM19	0	1	0	0
1152	CKB	0	1	0	0
115294	PCMTD1	0	1	0	0
115509	ZNF689	0	1	0	0
115708	TRMT61A	0	1	0	0
115827	RAB3C	0	1	0	0
116224	FAM122A	0	1	0	0
1163	CKS1B	0	1	0	0
116986	AGAP2	0	1	0	0
117283	IP6K3	0	1	0	0
1182	CLCN3	0	1	0	0
118663	BTBD16	0	1	0	0
119395	CALHM3	0	1	0	0
1234	CCR5	0	1	0	0
1236	CCR7	0	1	0	0
123904	NRN1L	0	1	0	0
124872	B4GALNT2	0	1	0	0
126637	TCHHL1	0	1	0	0
127066	OR14C36	0	1	0	0
127281	FAM213B	0	1	0	0
127579	DCST2	0	1	0	0
1282	COL4A1	0	1	0	0
128240	APOA1BP	0	1	0	0
1284	COL4A2	0	1	0	0
128486	FITM2	0	1	0	0
128611	ZNF831	0	1	0	0
128822	CST9	0	1	0	0
128826	MIR1-1HG	0	1	0	0
1293	COL6A3	0	1	0	0
129450	TYW5	0	1	0	0
130132	RFTN2	0	1	0	0
130502	TTC32	0	1	0	0
130872	AHSA2	0	1	0	0
131118	DNAJC19	0	1	0	0
131149	OTOL1	0	1	0	0
133383	SETD9	0	1	0	0
133396	IL31RA	0	1	0	0
133688	UGT3A1	0	1	0	0
134288	TMEM174	0	1	0	0
134510	UBLCP1	0	1	0	0
135935	NOBOX	0	1	0	0
1379	CR1L	0	1	0	0
138009	DCAF4L2	0	1	0	0
140625	ACTRT2	0	1	0	0
140628	GATA5	0	1	0	0
140679	SLC32A1	0	1	0	0
140700	SAMD10	0	1	0	0
140701	ABHD16B	0	1	0	0
140834	C20orf62	0	1	0	0
140893	RBBP8NL	0	1	0	0
140901	STK35	0	1	0	0
140902	R3HDML	0	1	0	0
141	ADPRH	0	1	0	0
143872	ARHGAP42	0	1	0	0
145741	C2CD4A	0	1	0	0
1472	CST4	0	1	0	0
148113	CILP2	0	1	0	0
148811	PM20D1	0	1	0	0
149095	DCST1	0	1	0	0
149428	BNIPL	0	1	0	0
1495	CTNNA1	0	1	0	0
1500	CTNND1	0	1	0	0
150356	CHADL	0	1	0	0
1504	CTRB1	0	1	0	0
1506	CTRL	0	1	0	0
1513	CTSK	0	1	0	0
151827	LRRC34	0	1	0	0
152100	CMC1	0	1	0	0
152110	NEK10	0	1	0	0
152137	CCDC50	0	1	0	0
152185	SPICE1	0	1	0	0
152756	FAM218A	0	1	0	0
154064	RAET1L	0	1	0	0
1548	CYP2A6	0	1	0	0
157506	RDH10	0	1	0	0
157855	KCNU1	0	1	0	0
158427	TSTD2	0	1	0	0
1606	DGKA	0	1	0	0
162466	PHOSPHO1	0	1	0	0
1634	DCN	0	1	0	0
166824	RASSF6	0	1	0	0
166968	MIER3	0	1	0	0
168455	CCDC71L	0	1	0	0
168850	ZNF800	0	1	0	0
170463	SSBP4	0	1	0	0
1735	DIO3	0	1	0	0
174	AFP	0	1	0	0
1745	DLX1	0	1	0	0
1776	DNASE1L3	0	1	0	0
1786	DNMT1	0	1	0	0
1811	SLC26A3	0	1	0	0
1841	DTYMK	0	1	0	0
1847	DUSP5	0	1	0	0
1874	E2F4	0	1	0	0
1917	EEF1A2	0	1	0	0
192668	CYS1	0	1	0	0
1942	EFNA1	0	1	0	0
1944	EFNA3	0	1	0	0
1945	EFNA4	0	1	0	0
1952	CELSR2	0	1	0	0
1958	EGR1	0	1	0	0
196374	KRT78	0	1	0	0
196383	RILPL2	0	1	0	0
1975	EIF4B	0	1	0	0
200315	APOBEC3A	0	1	0	0
200558	APLF	0	1	0	0
201780	SLC10A4	0	1	0	0
203197	C9orf91	0	1	0	0
204474	PDILT	0	1	0	0
204851	HIPK1	0	1	0	0
2053	EPHX2	0	1	0	0
205327	C2orf69	0	1	0	0
205428	C3orf58	0	1	0	0
205717	KIAA2018	0	1	0	0
2101	ESRRA	0	1	0	0
2107	ETF1	0	1	0	0
213	ALB	0	1	0	0
2130	EWSR1	0	1	0	0
2135	EXTL2	0	1	0	0
2167	FABP4	0	1	0	0
2170	FABP3	0	1	0	0
2171	FABP5	0	1	0	0
2175	FANCA	0	1	0	0
2184	FAH	0	1	0	0
2191	FAP	0	1	0	0
219539	YPEL4	0	1	0	0
219541	MED19	0	1	0	0
220064	ORAOV1	0	1	0	0
2206	MS4A2	0	1	0	0
221078	NSUN6	0	1	0	0
2213	FCGR2B	0	1	0	0
221935	SDK1	0	1	0	0
222194	RSBN1L	0	1	0	0
222545	GPRC6A	0	1	0	0
2261	FGFR3	0	1	0	0
22834	ZNF652	0	1	0	0
22837	COBLL1	0	1	0	0
22864	R3HDM2	0	1	0	0
22874	PLEKHA6	0	1	0	0
22904	SBNO2	0	1	0	0
22915	MMRN1	0	1	0	0
2297	FOXD1	0	1	0	0
22984	PDCD11	0	1	0	0
23019	CNOT1	0	1	0	0
23119	HIC2	0	1	0	0
23187	PHLDB1	0	1	0	0
23192	ATG4B	0	1	0	0
23264	ZC3H7B	0	1	0	0
23305	ACSL6	0	1	0	0
23306	NEMP1	0	1	0	0
23362	PSD3	0	1	0	0
23368	PPP1R13B	0	1	0	0
23371	TNS2	0	1	0	0
23376	UFL1	0	1	0	0
23410	SIRT3	0	1	0	0
23457	ABCB9	0	1	0	0
23466	CBX6	0	1	0	0
23523	CABIN1	0	1	0	0
23526	HMHA1	0	1	0	0
23584	VSIG2	0	1	0	0
23659	PLA2G15	0	1	0	0
24148	PRPF6	0	1	0	0
2444	FRK	0	1	0	0
246213	SLC17A8	0	1	0	0
246269	LACE1	0	1	0	0
246329	STAC3	0	1	0	0
252983	STXBP4	0	1	0	0
253430	IPMK	0	1	0	0
253769	WDR27	0	1	0	0
253782	CERS6	0	1	0	0
254042	METAP1D	0	1	0	0
254428	SLC41A1	0	1	0	0
254910	LCE5A	0	1	0	0
255022	CALHM1	0	1	0	0
256380	SCML4	0	1	0	0
256892	OR51F1	0	1	0	0
257313	UTS2B	0	1	0	0
2580	GAK	0	1	0	0
25807	RHBDD3	0	1	0	0
25921	ZDHHC5	0	1	0	0
25970	SH2B1	0	1	0	0
25996	REXO2	0	1	0	0
26051	PPP1R16B	0	1	0	0
26058	GIGYF2	0	1	0	0
26147	PHF19	0	1	0	0
26160	IFT172	0	1	0	0
26164	MTG2	0	1	0	0
2618	GART	0	1	0	0
26205	GMEB2	0	1	0	0
26276	VPS33B	0	1	0	0
26471	NUPR1	0	1	0	0
26496	OR10A3	0	1	0	0
26504	CNNM4	0	1	0	0
26751	SH3YL1	0	1	0	0
2676	GFRA3	0	1	0	0
2677	GGCX	0	1	0	0
2687	GGT5	0	1	0	0
2695	GIP	0	1	0	0
27040	LAT	0	1	0	0
27044	SND1	0	1	0	0
27244	SESN1	0	1	0	0
2752	GLUL	0	1	0	0
2778	GNAS	0	1	0	0
2793	GNGT2	0	1	0	0
280636	C11orf31	0	1	0	0
283111	OR51V1	0	1	0	0
283431	GAS2L3	0	1	0	0
283450	HECTD4	0	1	0	0
283463	MUC19	0	1	0	0
283554	GPR137C	0	1	0	0
283849	EXOC3L1	0	1	0	0
284099	C17orf78	0	1	0	0
2842	GPR19	0	1	0	0
284348	LYPD5	0	1	0	0
284349	ZNF283	0	1	0	0
284352	PPP1R37	0	1	0	0
28514	DLL1	0	1	0	0
285513	GPRIN3	0	1	0	0
286676	ILDR1	0	1	0	0
286749	STON1-GTF2A1L	0	1	0	0
2870	GRK6	0	1	0	0
29066	ZC3H7A	0	1	0	0
29089	UBE2T	0	1	0	0
29121	CLEC2D	0	1	0	0
29125	C11orf21	0	1	0	0
29886	SNX8	0	1	0	0
29888	STRN4	0	1	0	0
29916	SNX11	0	1	0	0
29925	GMPPB	0	1	0	0
29959	NRBP1	0	1	0	0
29999	FSCN3	0	1	0	0
30001	ERO1L	0	1	0	0
3026	HABP2	0	1	0	0
3069	HDLBP	0	1	0	0
30814	PLA2G2E	0	1	0	0
30837	SOCS7	0	1	0	0
31	ACACA	0	1	0	0
3122	HLA-DRA	0	1	0	0
3127	HLA-DRB5	0	1	0	0
317761	C14orf39	0	1	0	0
3209	HOXA13	0	1	0	0
3213	HOXB3	0	1	0	0
3231	HOXD1	0	1	0	0
3232	HOXD3	0	1	0	0
327	APEH	0	1	0	0
329	BIRC2	0	1	0	0
3313	HSPA9	0	1	0	0
335	APOA1	0	1	0	0
337	APOA4	0	1	0	0
3383	ICAM1	0	1	0	0
338322	NLRP10	0	1	0	0
338382	RAB7B	0	1	0	0
3385	ICAM3	0	1	0	0
339210	C17orf67	0	1	0	0
339761	CYP27C1	0	1	0	0
339804	C2orf74	0	1	0	0
339829	CCDC39	0	1	0	0
339965	CCDC158	0	1	0	0
339976	TRIML1	0	1	0	0
340348	TSPAN33	0	1	0	0
3416	IDE	0	1	0	0
3431	SP110	0	1	0	0
344901	OSTN	0	1	0	0
345	APOC3	0	1	0	0
3454	IFNAR1	0	1	0	0
3455	IFNAR2	0	1	0	0
347051	SLC10A5	0	1	0	0
3485	IGFBP2	0	1	0	0
348738	C2orf48	0	1	0	0
3490	IGFBP7	0	1	0	0
349667	RTN4RL2	0	1	0	0
353142	LCE3A	0	1	0	0
353514	LILRA5	0	1	0	0
3565	IL4	0	1	0	0
361	AQP4	0	1	0	0
3612	IMPA1	0	1	0	0
3633	INPP5B	0	1	0	0
3641	INSL4	0	1	0	0
3676	ITGA4	0	1	0	0
3706	ITPKA	0	1	0	0
3728	JUP	0	1	0	0
3745	KCNB1	0	1	0	0
374868	ATP9B	0	1	0	0
374887	YJEFN3	0	1	0	0
3769	KCNJ13	0	1	0	0
381	ARF5	0	1	0	0
3827	KNG1	0	1	0	0
3831	KLC1	0	1	0	0
3832	KIF11	0	1	0	0
3856	KRT8	0	1	0	0
386618	KCTD4	0	1	0	0
386724	AMIGO3	0	1	0	0
387032	ZKSCAN4	0	1	0	0
387263	C6orf120	0	1	0	0
387638	C10orf113	0	1	0	0
387640	SKIDA1	0	1	0	0
387893	SETD8	0	1	0	0
387911	C1QTNF9B	0	1	0	0
388015	RTL1	0	1	0	0
388284	C16orf86	0	1	0	0
388407	C17orf82	0	1	0	0
388650	FAM69A	0	1	0	0
388722	C1orf53	0	1	0	0
389421	LIN28B	0	1	0	0
390598	SKOR1	0	1	0	0
3911	LAMA5	0	1	0	0
3912	LAMB1	0	1	0	0
391356	PTRHD1	0	1	0	0
391365	SULT6B1	0	1	0	0
3965	LGALS9	0	1	0	0
399	RHOH	0	1	0	0
3995	FADS3	0	1	0	0
399726	CASC10	0	1	0	0
400950	C2orf91	0	1	0	0
402569	KPNA7	0	1	0	0
403	ARL3	0	1	0	0
404037	HAPLN4	0	1	0	0
405	ARNT	0	1	0	0
4055	LTBR	0	1	0	0
4059	BCAM	0	1	0	0
4065	LY75	0	1	0	0
407977	TNFSF12-TNFSF13	0	1	0	0
415116	PIM3	0	1	0	0
4170	MCL1	0	1	0	0
4234	METTL1	0	1	0	0
429	ASCL1	0	1	0	0
440270	GOLGA8B	0	1	0	0
440387	CTRB2	0	1	0	0
440435	GPR179	0	1	0	0
440603	BCL2L15	0	1	0	0
440957	SMIM4	0	1	0	0
4486	MST1R	0	1	0	0
4521	NUDT1	0	1	0	0
4586	MUC5AC	0	1	0	0
4640	MYO1A	0	1	0	0
4664	NAB1	0	1	0	0
4665	NAB2	0	1	0	0
4686	NCBP1	0	1	0	0
4690	NCK1	0	1	0	0
4706	NDUFAB1	0	1	0	0
4734	NEDD4	0	1	0	0
474354	LRRC18	0	1	0	0
4750	NEK1	0	1	0	0
4761	NEUROD2	0	1	0	0
4775	NFATC3	0	1	0	0
4779	NFE2L1	0	1	0	0
49860	CRNN	0	1	0	0
5004	ORM1	0	1	0	0
5010	CLDN11	0	1	0	0
5013	OTX1	0	1	0	0
5032	P2RY11	0	1	0	0
5036	PA2G4	0	1	0	0
50616	IL22	0	1	0	0
50628	GEMIN4	0	1	0	0
50636	ANO7	0	1	0	0
50808	AK3	0	1	0	0
50855	PARD6A	0	1	0	0
5096	PCCB	0	1	0	0
51031	GLOD4	0	1	0	0
51043	ZBTB7B	0	1	0	0
51063	CALHM2	0	1	0	0
51070	NOSIP	0	1	0	0
51075	TMX2	0	1	0	0
51078	THAP4	0	1	0	0
51079	NDUFA13	0	1	0	0
51103	NDUFAF1	0	1	0	0
51203	NUSAP1	0	1	0	0
51225	ABI3	0	1	0	0
51226	COPZ2	0	1	0	0
51255	RNF181	0	1	0	0
51256	TBC1D7	0	1	0	0
51274	KLF3	0	1	0	0
51277	DNAJC27	0	1	0	0
51291	GMIP	0	1	0	0
51307	FAM53C	0	1	0	0
51308	REEP2	0	1	0	0
51329	ARL6IP4	0	1	0	0
51338	MS4A4A	0	1	0	0
51435	SCARA3	0	1	0	0
51447	IP6K2	0	1	0	0
51471	NAT8B	0	1	0	0
51477	ISYNA1	0	1	0	0
51538	ZCCHC17	0	1	0	0
516	ATP5G1	0	1	0	0
51646	YPEL5	0	1	0	0
51655	RASD1	0	1	0	0
51684	SUFU	0	1	0	0
51755	CDK12	0	1	0	0
51780	KDM3B	0	1	0	0
5192	PEX10	0	1	0	0
5194	PEX13	0	1	0	0
5203	PFDN4	0	1	0	0
5210	PFKFB4	0	1	0	0
5211	PFKL	0	1	0	0
523	ATP6V1A	0	1	0	0
5245	PHB	0	1	0	0
5330	PLCB2	0	1	0	0
53340	SPA17	0	1	0	0
53345	TM6SF2	0	1	0	0
5375	PMP2	0	1	0	0
53916	RAB4B	0	1	0	0
5409	PNMT	0	1	0	0
542767	C1QTNF9B-AS1	0	1	0	0
5431	POLR2B	0	1	0	0
54344	DPM3	0	1	0	0
5443	POMC	0	1	0	0
54516	MTRF1L	0	1	0	0
54665	RSBN1	0	1	0	0
54749	EPDR1	0	1	0	0
54796	BNC2	0	1	0	0
54815	GATAD2A	0	1	0	0
54816	ZNF280D	0	1	0	0
54827	NXPE4	0	1	0	0
54875	CNTLN	0	1	0	0
54904	WHSC1L1	0	1	0	0
54920	DUS2	0	1	0	0
54923	LIME1	0	1	0	0
54963	UCKL1	0	1	0	0
54969	C4orf27	0	1	0	0
54988	ACSM5	0	1	0	0
54993	ZSCAN2	0	1	0	0
55013	CCDC109B	0	1	0	0
55017	C14orf119	0	1	0	0
55084	SOBP	0	1	0	0
55120	FANCL	0	1	0	0
55160	ARHGEF10L	0	1	0	0
55163	PNPO	0	1	0	0
55167	MSL2	0	1	0	0
55206	SBNO1	0	1	0	0
55214	P3H2	0	1	0	0
5522	PPP2R2C	0	1	0	0
5523	PPP2R3A	0	1	0	0
55230	USP40	0	1	0	0
55238	SLC38A7	0	1	0	0
55245	UQCC1	0	1	0	0
55254	TMEM39A	0	1	0	0
55274	PHF10	0	1	0	0
55329	MNS1	0	1	0	0
554251	FBXO48	0	1	0	0
5553	PRG2	0	1	0	0
55584	CHRNA9	0	1	0	0
55636	CHD7	0	1	0	0
55681	SCYL2	0	1	0	0
55686	MREG	0	1	0	0
55720	TSR1	0	1	0	0
55779	CFAP44	0	1	0	0
55793	FAM63A	0	1	0	0
55794	DDX28	0	1	0	0
55800	SCN3B	0	1	0	0
55801	IL26	0	1	0	0
55815	TSNAXIP1	0	1	0	0
55827	DCAF6	0	1	0	0
55891	LENEP	0	1	0	0
55904	KMT2E	0	1	0	0
55920	RCC2	0	1	0	0
55974	SLC50A1	0	1	0	0
56006	SMG9	0	1	0	0
56301	SLC7A10	0	1	0	0
5639	PRRG2	0	1	0	0
5645	PRSS2	0	1	0	0
5662	PSD	0	1	0	0
56623	INPP5E	0	1	0	0
5681	PSKH1	0	1	0	0
5687	PSMA6	0	1	0	0
5689	PSMB1	0	1	0	0
56901	NDUFA4L2	0	1	0	0
56983	POGLUT1	0	1	0	0
5706	PSMC6	0	1	0	0
57118	CAMK1D	0	1	0	0
57154	SMURF1	0	1	0	0
57215	THAP11	0	1	0	0
57282	SLC4A10	0	1	0	0
5729	PTGDR	0	1	0	0
57326	PBXIP1	0	1	0	0
57333	RCN3	0	1	0	0
5737	PTGFR	0	1	0	0
5739	PTGIR	0	1	0	0
5740	PTGIS	0	1	0	0
57406	ABHD6	0	1	0	0
57473	ZNF512B	0	1	0	0
57479	PRR12	0	1	0	0
5753	PTK6	0	1	0	0
57539	WDR35	0	1	0	0
57545	CC2D2A	0	1	0	0
57605	PITPNM2	0	1	0	0
57610	RANBP10	0	1	0	0
57636	ARHGAP23	0	1	0	0
5764	PTN	0	1	0	0
57727	NCOA5	0	1	0	0
5778	PTPN7	0	1	0	0
57794	SUGP1	0	1	0	0
58	ACTA1	0	1	0	0
58497	PRUNE	0	1	0	0
58506	SCAF1	0	1	0	0
5880	RAC2	0	1	0	0
5899	RALB	0	1	0	0
5905	RANGAP1	0	1	0	0
5980	REV3L	0	1	0	0
6036	RNASE2	0	1	0	0
60626	RIC8A	0	1	0	0
6101	RP1	0	1	0	0
6129	RPL7	0	1	0	0
6227	RPS21	0	1	0	0
6237	RRAS	0	1	0	0
6241	RRM2	0	1	0	0
6295	SAG	0	1	0	0
6314	ATXN7	0	1	0	0
6346	CCL1	0	1	0	0
6354	CCL7	0	1	0	0
6355	CCL8	0	1	0	0
6356	CCL11	0	1	0	0
6357	CCL13	0	1	0	0
6363	CCL19	0	1	0	0
638	BIK	0	1	0	0
63933	MCUR1	0	1	0	0
63979	FIGNL1	0	1	0	0
64066	MMP27	0	1	0	0
64174	DPEP2	0	1	0	0
64180	DPEP3	0	1	0	0
642273	FAM110C	0	1	0	0
643155	SMIM15	0	1	0	0
643376	BTBD18	0	1	0	0
643680	MS4A4E	0	1	0	0
643707	GOLGA6L4	0	1	0	0
64405	CDH22	0	1	0	0
64407	RGS18	0	1	0	0
6464	SHC1	0	1	0	0
646486	FABP12	0	1	0	0
64710	NUCKS1	0	1	0	0
6472	SHMT2	0	1	0	0
647309	GMNC	0	1	0	0
6476	SI	0	1	0	0
64838	FNDC4	0	1	0	0
64841	GNPNAT1	0	1	0	0
6490	PMEL	0	1	0	0
6495	SIX1	0	1	0	0
64968	MRPS6	0	1	0	0
6498	SKIL	0	1	0	0
65057	ACD	0	1	0	0
6506	SLC1A2	0	1	0	0
6526	SLC5A3	0	1	0	0
653437	AQP12B	0	1	0	0
6539	SLC6A12	0	1	0	0
6550	SLC9A3	0	1	0	0
6556	SLC11A1	0	1	0	0
6560	SLC12A4	0	1	0	0
6563	SLC14A1	0	1	0	0
6568	SLC17A1	0	1	0	0
6597	SMARCA4	0	1	0	0
6605	SMARCE1	0	1	0	0
666	BOK	0	1	0	0
6665	SOX15	0	1	0	0
6725	SRMS	0	1	0	0
6745	SSR1	0	1	0	0
6753	SSTR3	0	1	0	0
6773	STAT2	0	1	0	0
6778	STAT6	0	1	0	0
6815	STYX	0	1	0	0
6838	SURF6	0	1	0	0
685	BTC	0	1	0	0
6866	TAC3	0	1	0	0
6871	TADA2A	0	1	0	0
6877	TAF5	0	1	0	0
688	KLF5	0	1	0	0
6908	TBP	0	1	0	0
6909	TBX2	0	1	0	0
6945	MLX	0	1	0	0
6991	TCTE3	0	1	0	0
7008	TEF	0	1	0	0
7013	TERF1	0	1	0	0
7019	TFAM	0	1	0	0
7032	TFF2	0	1	0	0
710	SERPING1	0	1	0	0
7111	TMOD1	0	1	0	0
7141	TNP1	0	1	0	0
7165	TPD52L2	0	1	0	0
7178	TPT1	0	1	0	0
727	C5	0	1	0	0
727897	MUC5B	0	1	0	0
7291	TWIST1	0	1	0	0
729230	CCR2	0	1	0	0
7294	TXK	0	1	0	0
729873	TBC1D3	0	1	0	0
7301	TYRO3	0	1	0	0
7318	UBA7	0	1	0	0
734	OSGIN2	0	1	0	0
7375	USP4	0	1	0	0
7412	VCAM1	0	1	0	0
7507	XPA	0	1	0	0
7517	XRCC3	0	1	0	0
757	TMEM50B	0	1	0	0
7771	ZNF112	0	1	0	0
7809	BSND	0	1	0	0
7813	EVI5	0	1	0	0
7840	ALMS1	0	1	0	0
7884	SLBP	0	1	0	0
78994	PRR14	0	1	0	0
79004	CUEDC2	0	1	0	0
79025	C20orf195	0	1	0	0
79026	AHNAK	0	1	0	0
79029	SPATA5L1	0	1	0	0
79038	ZFYVE21	0	1	0	0
79144	PPDPF	0	1	0	0
79170	PRR15L	0	1	0	0
79172	CENPO	0	1	0	0
79176	FBXL15	0	1	0	0
79192	IRX1	0	1	0	0
79465	ULBP3	0	1	0	0
79570	NKAIN1	0	1	0	0
79574	EPS8L3	0	1	0	0
79575	ABHD8	0	1	0	0
79635	CCDC121	0	1	0	0
79676	OGFOD2	0	1	0	0
79684	MSANTD2	0	1	0	0
79747	ADGB	0	1	0	0
79752	ZFAND1	0	1	0	0
79847	TMEM180	0	1	0	0
79850	FAM57A	0	1	0	0
79865	TREML2	0	1	0	0
79913	ACTR5	0	1	0	0
79946	C10orf95	0	1	0	0
80004	ESRP2	0	1	0	0
80139	ZNF703	0	1	0	0
80145	THOC7	0	1	0	0
80152	CENPT	0	1	0	0
80195	TMEM254	0	1	0	0
80198	MUS81	0	1	0	0
80218	NAA50	0	1	0	0
80271	ITPKC	0	1	0	0
80279	CDK5RAP3	0	1	0	0
80303	EFHD1	0	1	0	0
80308	FLAD1	0	1	0	0
80331	DNAJC5	0	1	0	0
80714	PBX4	0	1	0	0
80723	SLC35G2	0	1	0	0
80727	TTYH3	0	1	0	0
80758	PRR7	0	1	0	0
8082	SSPN	0	1	0	0
8087	FXR1	0	1	0	0
80975	TMPRSS5	0	1	0	0
8099	CDK2AP1	0	1	0	0
81033	KCNH6	0	1	0	0
81563	C1orf21	0	1	0	0
81577	GFOD2	0	1	0	0
81579	PLA2G12A	0	1	0	0
8175	SF3A2	0	1	0	0
81794	ADAMTS10	0	1	0	0
8190	MIA	0	1	0	0
81928	CABLES2	0	1	0	0
8193	DPF1	0	1	0	0
83636	C19orf12	0	1	0	0
83746	L3MBTL2	0	1	0	0
83930	STARD3NL	0	1	0	0
83983	TSSK6	0	1	0	0
8405	SPOP	0	1	0	0
84080	ENKD1	0	1	0	0
84101	USP44	0	1	0	0
84108	PCGF6	0	1	0	0
84138	SLC7A6OS	0	1	0	0
84182	FAM188B	0	1	0	0
84218	TBC1D3F	0	1	0	0
84226	C2orf16	0	1	0	0
84273	NOA1	0	1	0	0
84286	TMEM175	0	1	0	0
843	CASP10	0	1	0	0
84311	MRPL45	0	1	0	0
84334	APOPT1	0	1	0	0
84366	PRAC1	0	1	0	0
84450	ZNF512	0	1	0	0
84498	FAM120B	0	1	0	0
84516	DCTN5	0	1	0	0
8453	CUL2	0	1	0	0
84542	KIAA1841	0	1	0	0
8462	KLF11	0	1	0	0
84640	USP38	0	1	0	0
84690	SPATA22	0	1	0	0
84722	PSRC1	0	1	0	0
84790	TUBA1C	0	1	0	0
84833	USMG5	0	1	0	0
84902	CEP89	0	1	0	0
84919	PPP1R15B	0	1	0	0
85025	TMEM60	0	1	0	0
85027	SMIM3	0	1	0	0
8527	DGKD	0	1	0	0
85407	NKD1	0	1	0	0
85414	SLC45A3	0	1	0	0
85441	HELZ2	0	1	0	0
857	CAV1	0	1	0	0
8572	PDLIM4	0	1	0	0
858	CAV2	0	1	0	0
8614	STC2	0	1	0	0
8638	OASL	0	1	0	0
8647	ABCB11	0	1	0	0
8663	EIF3C	0	1	0	0
8673	VAMP8	0	1	0	0
8690	JRKL	0	1	0	0
8751	ADAM15	0	1	0	0
8808	IL1RL2	0	1	0	0
8837	CFLAR	0	1	0	0
8863	PER3	0	1	0	0
8894	EIF2S2	0	1	0	0
8934	RAB29	0	1	0	0
8943	AP3D1	0	1	0	0
8969	HIST1H2AG	0	1	0	0
8970	HIST1H2BJ	0	1	0	0
8974	P4HA2	0	1	0	0
8987	STBD1	0	1	0	0
89874	SLC25A21	0	1	0	0
90134	KCNH7	0	1	0	0
9014	TAF1B	0	1	0	0
90226	UCN2	0	1	0	0
9024	BRSK2	0	1	0	0
90332	EXOC3L2	0	1	0	0
90342	FER1L5	0	1	0	0
9057	SLC7A6	0	1	0	0
90780	PYGO2	0	1	0	0
90952	ESAM	0	1	0	0
9103	FCGR2C	0	1	0	0
9134	CCNE2	0	1	0	0
9135	RABEP1	0	1	0	0
91433	RCCD1	0	1	0	0
9153	SLC28A2	0	1	0	0
91574	C12orf65	0	1	0	0
91584	PLXNA4	0	1	0	0
91646	TDRD12	0	1	0	0
9170	LPAR2	0	1	0	0
91828	EXOC3L4	0	1	0	0
91975	ZNF300	0	1	0	0
92140	MTDH	0	1	0	0
92305	TMEM129	0	1	0	0
9253	NUMBL	0	1	0	0
930	CD19	0	1	0	0
9313	MMP20	0	1	0	0
932	MS4A3	0	1	0	0
9410	SNRNP40	0	1	0	0
9427	ECEL1	0	1	0	0
94274	PPP1R14A	0	1	0	0
950	SCARB2	0	1	0	0
9529	BAG5	0	1	0	0
9692	KIAA0391	0	1	0	0
9736	USP34	0	1	0	0
9806	SPOCK2	0	1	0	0
9807	IP6K1	0	1	0	0
9859	CEP170	0	1	0	0
987	LRBA	0	1	0	0
9885	OSBPL2	0	1	0	0
9905	SGSM2	0	1	0	0
9919	SEC16A	0	1	0	0
9923	ZBTB40	0	1	0	0
9935	MAFB	0	1	0	0
995	CDC25C	0	1	0	0
9965	FGF19	0	1	0	0
9971	NR1H4	0	1	0	0
999	CDH1	0	1	0	0
9997	SCO2	0	1	0	0
1012	CDH13	0	0	9	0
2897	GRIK1	0	0	7	0
5521	PPP2R2B	0	0	5	0
56899	ANKS1B	0	0	5	0
51678	MPP6	0	0	4	1
10371	SEMA3A	0	0	4	0
170690	ADAMTS16	0	0	4	0
29119	CTNNA3	0	0	4	0
3703	STT3A	0	0	4	0
3800	KIF5C	0	0	4	0
388512	CLEC17A	0	0	4	0
4297	KMT2A	0	0	4	0
4916	NTRK3	0	0	4	0
51397	COMMD10	0	0	4	0
54733	SLC35F2	0	0	4	0
5649	RELN	0	0	4	0
6095	RORA	0	0	4	0
6595	SMARCA2	0	0	4	0
728215	FAM155A	0	0	4	0
9129	PRPF3	0	0	4	0
9148	NEURL1	0	0	4	0
9759	HDAC4	0	0	4	0
2272	FHIT	0	0	3	2
158038	LINGO2	0	0	3	1
344148	NCKAP5	0	0	3	1
5793	PTPRG	0	0	3	1
10082	GPC6	0	0	3	0
10242	KCNMB2	0	0	3	0
117583	PARD3B	0	0	3	0
123624	AGBL1	0	0	3	0
1240	CMKLR1	0	0	3	0
154215	NKAIN2	0	0	3	0
1767	DNAH5	0	0	3	0
23140	ZZEF1	0	0	3	0
254827	NAALADL2	0	0	3	0
27303	RBMS3	0	0	3	0
285195	SLC9A9	0	0	3	0
2894	GRID1	0	0	3	0
2917	GRM7	0	0	3	0
338811	FAM19A2	0	0	3	0
4684	NCAM1	0	0	3	0
5205	ATP8B1	0	0	3	0
57556	SEMA6A	0	0	3	0
63895	PIEZO2	0	0	3	0
64084	CLSTN2	0	0	3	0
6482	ST3GAL1	0	0	3	0
6850	SYK	0	0	3	0
79750	ZNF385D	0	0	3	0
80731	THSD7B	0	0	3	0
8100	IFT88	0	0	3	0
84623	KIRREL3	0	0	3	0
8842	PROM1	0	0	3	0
114818	KLHL29	0	0	2	3
3981	LIG4	0	0	2	3
7227	TRPS1	0	0	2	3
4774	NFIA	0	0	2	2
147381	CBLN2	0	0	2	1
1620	BRINP1	0	0	2	1
23179	RGL1	0	0	2	1
23779	ARHGAP8	0	0	2	1
26047	CNTNAP2	0	0	2	1
2904	GRIN2B	0	0	2	1
342184	FMN1	0	0	2	1
4978	OPCML	0	0	2	1
5125	PCSK5	0	0	2	1
55553	SOX6	0	0	2	1
5569	PKIA	0	0	2	1
56288	PARD3	0	0	2	1
56951	C5orf15	0	0	2	1
636	BICD1	0	0	2	1
63876	PKNOX2	0	0	2	1
64067	NPAS3	0	0	2	1
84830	ADTRP	0	0	2	1
1000	CDH2	0	0	2	0
10160	FARP1	0	0	2	0
10531	PITRM1	0	0	2	0
10558	SPTLC1	0	0	2	0
114780	PKD1L2	0	0	2	0
1305	COL13A1	0	0	2	0
1373	CPS1	0	0	2	0
140683	BPIFA2	0	0	2	0
145858	C15orf32	0	0	2	0
1496	CTNNA2	0	0	2	0
152485	ZNF827	0	0	2	0
158067	AK8	0	0	2	0
1600	DAB1	0	0	2	0
165631	PARP15	0	0	2	0
171425	CLYBL	0	0	2	0
1740	DLG2	0	0	2	0
1826	DSCAM	0	0	2	0
1838	DTNB	0	0	2	0
196446	MYRFL	0	0	2	0
2114	ETS2	0	0	2	0
2138	EYA1	0	0	2	0
219285	SAMD9L	0	0	2	0
2201	FBN2	0	0	2	0
222255	ATXN7L1	0	0	2	0
2262	GPC5	0	0	2	0
22871	NLGN1	0	0	2	0
22987	SV2C	0	0	2	0
22990	PCNX	0	0	2	0
23057	NMNAT2	0	0	2	0
23095	KIF1B	0	0	2	0
23105	FSTL4	0	0	2	0
23322	RPGRIP1L	0	0	2	0
23335	WDR7	0	0	2	0
23426	GRIP1	0	0	2	0
23549	DNPEP	0	0	2	0
23566	LPAR3	0	0	2	0
2530	FUT8	0	0	2	0
254887	ZDHHC23	0	0	2	0
26118	WSB1	0	0	2	0
27185	DISC1	0	0	2	0
27255	CNTN6	0	0	2	0
2737	GLI3	0	0	2	0
284076	TTLL6	0	0	2	0
286046	XKR6	0	0	2	0
29761	USP25	0	0	2	0
301	ANXA1	0	0	2	0
3037	HAS2	0	0	2	0
30811	HUNK	0	0	2	0
332	BIRC5	0	0	2	0
342372	PKD1L3	0	0	2	0
3475	IFRD1	0	0	2	0
3482	IGF2R	0	0	2	0
3492	IGH	0	0	2	0
3624	INHBA	0	0	2	0
3665	IRF7	0	0	2	0
4336	MOBP	0	0	2	0
4582	MUC1	0	0	2	0
4601	MXI1	0	0	2	0
463	ZFHX3	0	0	2	0
493	ATP2B4	0	0	2	0
5074	PAWR	0	0	2	0
5097	PCDH1	0	0	2	0
5101	PCDH9	0	0	2	0
51503	CWC15	0	0	2	0
53353	LRP1B	0	0	2	0
54329	GPR85	0	0	2	0
54602	NDFIP2	0	0	2	0
55068	ENOX1	0	0	2	0
55117	SLC6A15	0	0	2	0
55186	SLC25A36	0	0	2	0
5592	PRKG1	0	0	2	0
5629	PROX1	0	0	2	0
56776	FMN2	0	0	2	0
56913	C1GALT1	0	0	2	0
56963	RGMA	0	0	2	0
57492	ARID1B	0	0	2	0
57689	LRRC4C	0	0	2	0
577	ADGRB3	0	0	2	0
6049	RNF6	0	0	2	0
60495	HPSE2	0	0	2	0
64409	WBSCR17	0	0	2	0
6445	SGCG	0	0	2	0
6456	SH3GL2	0	0	2	0
6493	SIM2	0	0	2	0
653247	PRB2	0	0	2	0
658	BMPR1B	0	0	2	0
6769	STAC	0	0	2	0
7026	NR2F2	0	0	2	0
7145	TNS1	0	0	2	0
7534	YWHAZ	0	0	2	0
781	CACNA2D1	0	0	2	0
79633	FAT4	0	0	2	0
80176	SPSB1	0	0	2	0
814	CAMK4	0	0	2	0
832	CAPZB	0	0	2	0
8324	FZD7	0	0	2	0
83594	NUDT12	0	0	2	0
84166	NLRC5	0	0	2	0
8464	SUPT3H	0	0	2	0
84668	FAM126A	0	0	2	0
84700	MYO18B	0	0	2	0
8516	ITGA8	0	0	2	0
8801	SUCLG2	0	0	2	0
9046	DOK2	0	0	2	0
9423	NTN1	0	0	2	0
9749	PHACTR2	0	0	2	0
9988	DMTF1	0	0	2	0
57703	CWC22	0	0	1	6
50651	SLC45A1	0	0	1	4
90871	TMEM261	0	0	1	3
129684	CNTNAP5	0	0	1	2
152189	CMTM8	0	0	1	2
22841	RAB11FIP2	0	0	1	2
3918	LAMC2	0	0	1	2
64839	FBXL17	0	0	1	2
10123	ARL4C	0	0	1	1
101927998	LOC101927998	0	0	1	1
10602	CDC42EP3	0	0	1	1
11178	LZTS1	0	0	1	1
122786	FRMD6	0	0	1	1
122953	JDP2	0	0	1	1
127002	ATXN7L2	0	0	1	1
128553	TSHZ2	0	0	1	1
131	ADH7	0	0	1	1
145407	C14orf37	0	0	1	1
162282	ANKFN1	0	0	1	1
168090	C6orf118	0	0	1	1
170712	COX7B2	0	0	1	1
204801	NLRP11	0	0	1	1
2103	ESRRB	0	0	1	1
2104	ESRRG	0	0	1	1
2165	F13B	0	0	1	1
219738	C10orf35	0	0	1	1
23171	GPD1L	0	0	1	1
2321	FLT1	0	0	1	1
2567	GABRG3	0	0	1	1
26053	AUTS2	0	0	1	1
2626	GATA4	0	0	1	1
266553	OFCC1	0	0	1	1
2918	GRM8	0	0	1	1
29969	MDFIC	0	0	1	1
308	ANXA5	0	0	1	1
312	ANXA13	0	0	1	1
341880	SLC35F4	0	0	1	1
342618	SLFN14	0	0	1	1
345651	ACTBL2	0	0	1	1
3484	IGFBP1	0	0	1	1
3535	IGL	0	0	1	1
359948	IRF2BP2	0	0	1	1
3670	ISL1	0	0	1	1
3781	KCNN2	0	0	1	1
40	ASIC2	0	0	1	1
4249	MGAT5	0	0	1	1
50514	DEC1	0	0	1	1
50807	ASAP1	0	0	1	1
50834	TAS2R1	0	0	1	1
50937	CDON	0	0	1	1
51199	NIN	0	0	1	1
5209	PFKFB3	0	0	1	1
53405	CLIC5	0	0	1	1
53942	CNTN5	0	0	1	1
54897	CASZ1	0	0	1	1
55615	PRR5	0	0	1	1
55784	MCTP2	0	0	1	1
56243	KIAA1217	0	0	1	1
56660	KCNK12	0	0	1	1
56945	MRPS22	0	0	1	1
57103	TIGAR	0	0	1	1
57180	ACTR3B	0	0	1	1
57484	RNF150	0	0	1	1
57507	ZNF608	0	0	1	1
57580	PREX1	0	0	1	1
6092	ROBO2	0	0	1	1
6262	RYR2	0	0	1	1
6310	ATXN1	0	0	1	1
6336	SCN10A	0	0	1	1
64131	XYLT1	0	0	1	1
6444	SGCD	0	0	1	1
652	BMP4	0	0	1	1
66000	TMEM108	0	0	1	1
7142	TNP2	0	0	1	1
7247	TSN	0	0	1	1
7903	ST8SIA4	0	0	1	1
79789	CLMN	0	0	1	1
79987	SVEP1	0	0	1	1
81615	TMEM163	0	0	1	1
84765	ZNF577	0	0	1	1
85479	DNAJC5B	0	0	1	1
8738	CRADD	0	0	1	1
8829	NRP1	0	0	1	1
894	CCND2	0	0	1	1
9037	SEMA5A	0	0	1	1
9150	CTDP1	0	0	1	1
92126	DSEL	0	0	1	1
9508	ADAMTS3	0	0	1	1
10008	KCNE3	0	0	1	0
100132074	FOXO6	0	0	1	0
10050	SLC17A4	0	0	1	0
100506736	SLFN12L	0	0	1	0
100528021	ST20-MTHFS	0	0	1	0
10055	SAE1	0	0	1	0
1006	CDH8	0	0	1	0
10086	HHLA1	0	0	1	0
1010	CDH12	0	0	1	0
10150	MBNL2	0	0	1	0
1016	CDH18	0	0	1	0
101927260	LOC101927260	0	0	1	0
10217	CTDSPL	0	0	1	0
10225	CD96	0	0	1	0
10243	GPHN	0	0	1	0
10257	ABCC4	0	0	1	0
1033	CDKN3	0	0	1	0
10335	MRVI1	0	0	1	0
10395	DLC1	0	0	1	0
10409	BASP1	0	0	1	0
10418	SPON1	0	0	1	0
10497	UNC13B	0	0	1	0
10499	NCOA2	0	0	1	0
105	ADARB2	0	0	1	0
10505	SEMA4F	0	0	1	0
10507	SEMA4D	0	0	1	0
10579	TACC2	0	0	1	0
10580	SORBS1	0	0	1	0
10587	TXNRD2	0	0	1	0
10592	SMC2	0	0	1	0
1060	CENPC	0	0	1	0
10613	ERLIN1	0	0	1	0
10659	CELF2	0	0	1	0
10667	FARS2	0	0	1	0
1070	CETN3	0	0	1	0
10721	POLQ	0	0	1	0
10752	CHL1	0	0	1	0
10753	CAPN9	0	0	1	0
10777	ARPP21	0	0	1	0
10814	CPLX2	0	0	1	0
10893	MMP24	0	0	1	0
11046	SLC35D2	0	0	1	0
1105	CHD1	0	0	1	0
11062	DUS4L	0	0	1	0
11075	STMN2	0	0	1	0
1108	CHD4	0	0	1	0
11096	ADAMTS5	0	0	1	0
11138	TBC1D8	0	0	1	0
11174	ADAMTS6	0	0	1	0
11179	ZNF277	0	0	1	0
11213	IRAK3	0	0	1	0
112464	PRKCDBP	0	0	1	0
11249	NXPH2	0	0	1	0
11320	MGAT4A	0	0	1	0
114	ADCY8	0	0	1	0
114299	PALM2	0	0	1	0
114784	CSMD2	0	0	1	0
114795	TMEM132B	0	0	1	0
114798	SLITRK1	0	0	1	0
114876	OSBPL1A	0	0	1	0
114884	OSBPL10	0	0	1	0
115106	HAUS1	0	0	1	0
115426	UHRF2	0	0	1	0
115584	SLC5A11	0	0	1	0
115701	ALPK2	0	0	1	0
115761	ARL11	0	0	1	0
115795	FANCD2OS	0	0	1	0
116113	FOXP4	0	0	1	0
116285	ACSM1	0	0	1	0
116328	C8orf34	0	0	1	0
116534	MRGPRE	0	0	1	0
116984	ARAP2	0	0	1	0
116987	AGAP1	0	0	1	0
117	ADCYAP1R1	0	0	1	0
117159	DCD	0	0	1	0
117532	TMC2	0	0	1	0
1178	CLC	0	0	1	0
118429	ANTXR2	0	0	1	0
119180	LYZL2	0	0	1	0
119467	CLRN3	0	0	1	0
119587	CPXM2	0	0	1	0
120935	CCDC38	0	0	1	0
121256	TMEM132D	0	0	1	0
121601	ANO4	0	0	1	0
122402	TDRD9	0	0	1	0
123970	C16orf78	0	0	1	0
124274	GPR139	0	0	1	0
126859	AXDND1	0	0	1	0
127294	MYOM3	0	0	1	0
1277	COL1A1	0	0	1	0
127795	C1orf87	0	0	1	0
128025	WDR64	0	0	1	0
1289	COL5A1	0	0	1	0
130162	CLHC1	0	0	1	0
130733	TMEM178A	0	0	1	0
131034	CPNE4	0	0	1	0
132001	TAMM41	0	0	1	0
132320	SCLT1	0	0	1	0
132989	C4orf36	0	0	1	0
133022	TRAM1L1	0	0	1	0
134218	DNAJC21	0	0	1	0
134526	ACOT12	0	0	1	0
134829	CLVS2	0	0	1	0
1368	CPM	0	0	1	0
136991	ASZ1	0	0	1	0
1375	CPT1B	0	0	1	0
137682	NDUFAF6	0	0	1	0
137735	ABRA	0	0	1	0
137868	SGCZ	0	0	1	0
137886	UBXN2B	0	0	1	0
1380	CR2	0	0	1	0
1395	CRHR2	0	0	1	0
1401	CRP	0	0	1	0
140766	ADAMTS14	0	0	1	0
140862	ISM1	0	0	1	0
140883	ZNF280B	0	0	1	0
142	PARP1	0	0	1	0
1420	CRYGC	0	0	1	0
143098	MPP7	0	0	1	0
143471	PSMA8	0	0	1	0
143662	MUC15	0	0	1	0
143689	PIWIL4	0	0	1	0
1439	CSF2RB	0	0	1	0
144097	C11orf84	0	0	1	0
144453	BEST3	0	0	1	0
1456	CSNK1G3	0	0	1	0
145748	LYSMD4	0	0	1	0
145773	FAM81A	0	0	1	0
145781	GCOM1	0	0	1	0
1462	VCAN	0	0	1	0
146754	DNAH2	0	0	1	0
1468	SLC25A10	0	0	1	0
147372	CCBE1	0	0	1	0
147991	DPY19L3	0	0	1	0
148022	TICAM1	0	0	1	0
148198	ZNF98	0	0	1	0
148229	ATP8B3	0	0	1	0
148281	SYT6	0	0	1	0
148738	HFE2	0	0	1	0
1488	CTBP2	0	0	1	0
149628	PYHIN1	0	0	1	0
150084	IGSF5	0	0	1	0
1501	CTNND2	0	0	1	0
151393	RMDN2	0	0	1	0
151648	SGOL1	0	0	1	0
151742	PPM1L	0	0	1	0
152206	CCDC13	0	0	1	0
152816	C4orf26	0	0	1	0
152926	PPM1K	0	0	1	0
153020	RASGEF1B	0	0	1	0
154043	CNKSR3	0	0	1	0
154907	C7orf66	0	0	1	0
1557	CYP2C19	0	0	1	0
157769	FAM91A1	0	0	1	0
157807	CLVS1	0	0	1	0
158219	TTC39B	0	0	1	0
158297	SAXO1	0	0	1	0
160335	TMTC2	0	0	1	0
160777	CCDC60	0	0	1	0
161	AP2A2	0	0	1	0
161003	STOML3	0	0	1	0
161176	SYNE3	0	0	1	0
1612	DAPK1	0	0	1	0
161357	MDGA2	0	0	1	0
162967	ZNF320	0	0	1	0
1630	DCC	0	0	1	0
163059	ZNF433	0	0	1	0
163404	LPPR5	0	0	1	0
163702	IFNLR1	0	0	1	0
165082	ADGRF3	0	0	1	0
165140	OXER1	0	0	1	0
1657	DMXL1	0	0	1	0
166647	ADGRA3	0	0	1	0
1667	DEFA1	0	0	1	0
167681	PRSS35	0	0	1	0
168667	BMPER	0	0	1	0
169044	COL22A1	0	0	1	0
169522	KCNV2	0	0	1	0
170689	ADAMTS15	0	0	1	0
170825	GSX2	0	0	1	0
171024	SYNPO2	0	0	1	0
171546	SPTSSA	0	0	1	0
1733	DIO1	0	0	1	0
1743	DLST	0	0	1	0
1759	DNM1	0	0	1	0
1761	DMRT1	0	0	1	0
1770	DNAH9	0	0	1	0
1785	DNM2	0	0	1	0
1789	DNMT3B	0	0	1	0
1795	DOCK3	0	0	1	0
1823	DSC1	0	0	1	0
1830	DSG3	0	0	1	0
1857	DVL3	0	0	1	0
1859	DYRK1A	0	0	1	0
1946	EFNA5	0	0	1	0
196051	PPAPDC1A	0	0	1	0
196385	DNAH10	0	0	1	0
196394	AMN1	0	0	1	0
200373	CFAP221	0	0	1	0
201134	CEP112	0	0	1	0
2013	EMP2	0	0	1	0
201456	FBXO15	0	0	1	0
2015	ADGRE1	0	0	1	0
201625	DNAH12	0	0	1	0
2019	EN1	0	0	1	0
2022	ENG	0	0	1	0
202333	CMYA5	0	0	1	0
2045	EPHA7	0	0	1	0
204962	SLC44A5	0	0	1	0
2060	EPS15	0	0	1	0
2068	ERCC2	0	0	1	0
2070	EYA4	0	0	1	0
2108	ETFA	0	0	1	0
2115	ETV1	0	0	1	0
2121	EVC	0	0	1	0
214	ALCAM	0	0	1	0
2152	F3	0	0	1	0
2162	F13A1	0	0	1	0
2195	FAT1	0	0	1	0
219578	ZNF804B	0	0	1	0
2199	FBLN2	0	0	1	0
220164	DOK6	0	0	1	0
2202	EFEMP1	0	0	1	0
221178	SPATA13	0	0	1	0
221458	KIF6	0	0	1	0
221468	TMEM217	0	0	1	0
221504	ZBTB9	0	0	1	0
222537	HS3ST5	0	0	1	0
2244	FGB	0	0	1	0
2257	FGF12	0	0	1	0
22801	ITGA11	0	0	1	0
22848	AAK1	0	0	1	0
22856	CHSY1	0	0	1	0
2290	FOXG1	0	0	1	0
22926	ATF6	0	0	1	0
22938	SNW1	0	0	1	0
22950	SLC4A1AP	0	0	1	0
22982	DIP2C	0	0	1	0
22995	CEP152	0	0	1	0
23024	PDZRN3	0	0	1	0
23026	MYO16	0	0	1	0
23030	KDM4B	0	0	1	0
23036	ZNF292	0	0	1	0
23037	PDZD2	0	0	1	0
23040	MYT1L	0	0	1	0
23043	TNIK	0	0	1	0
23047	PDS5B	0	0	1	0
23072	HECW1	0	0	1	0
23078	VWA8	0	0	1	0
23108	RAP1GAP2	0	0	1	0
23150	FRMD4B	0	0	1	0
23167	EFR3A	0	0	1	0
23174	ZCCHC14	0	0	1	0
23180	RFTN1	0	0	1	0
23189	KANK1	0	0	1	0
23215	PRRC2C	0	0	1	0
23254	KAZN	0	0	1	0
23261	CAMTA1	0	0	1	0
23321	TRIM2	0	0	1	0
23344	ESYT1	0	0	1	0
2335	FN1	0	0	1	0
23365	ARHGEF12	0	0	1	0
23413	NCS1	0	0	1	0
23480	SEC61G	0	0	1	0
23484	LEPROTL1	0	0	1	0
23504	RIMBP2	0	0	1	0
23519	ANP32D	0	0	1	0
23544	SEZ6L	0	0	1	0
2355	FOSL2	0	0	1	0
23576	DDAH1	0	0	1	0
23658	LSM5	0	0	1	0
23677	SH3BP4	0	0	1	0
23682	RAB38	0	0	1	0
23704	KCNE4	0	0	1	0
23705	CADM1	0	0	1	0
23731	TMEM245	0	0	1	0
23742	NPAP1	0	0	1	0
23760	PITPNB	0	0	1	0
23774	BRD1	0	0	1	0
249	ALPL	0	0	1	0
2526	FUT4	0	0	1	0
252969	NEIL2	0	0	1	0
253017	TECRL	0	0	1	0
2549	GAB1	0	0	1	0
2555	GABRA2	0	0	1	0
2557	GABRA4	0	0	1	0
256227	STEAP1B	0	0	1	0
256435	ST6GALNAC3	0	0	1	0
2568	GABRP	0	0	1	0
256815	C10orf67	0	0	1	0
25758	KIAA1549L	0	0	1	0
25769	SLC24A2	0	0	1	0
25800	SLC39A6	0	0	1	0
25806	VAX2	0	0	1	0
25830	SULT4A1	0	0	1	0
25832	NBPF14	0	0	1	0
25861	DFNB31	0	0	1	0
25898	RCHY1	0	0	1	0
259217	HSPA12A	0	0	1	0
259232	NALCN	0	0	1	0
26018	LRIG1	0	0	1	0
26019	UPF2	0	0	1	0
26122	EPC2	0	0	1	0
2620	GAS2	0	0	1	0
26228	STAP1	0	0	1	0
26281	FGF20	0	0	1	0
2643	GCH1	0	0	1	0
26470	SEZ6L2	0	0	1	0
2650	GCNT1	0	0	1	0
26505	CNNM3	0	0	1	0
2668	GDNF	0	0	1	0
267012	DAOA	0	0	1	0
2690	GHR	0	0	1	0
2696	GIPR	0	0	1	0
27	ABL2	0	0	1	0
27115	PDE7B	0	0	1	0
27133	KCNH5	0	0	1	0
27148	STK36	0	0	1	0
27241	BBS9	0	0	1	0
27242	TNFRSF21	0	0	1	0
27293	SMPDL3B	0	0	1	0
27300	ZNF544	0	0	1	0
27309	ZNF330	0	0	1	0
27327	TNRC6A	0	0	1	0
2734	GLG1	0	0	1	0
27445	PCLO	0	0	1	0
2766	GMPR	0	0	1	0
2773	GNAI3	0	0	1	0
2817	GPC1	0	0	1	0
2820	GPD2	0	0	1	0
28232	SLCO3A1	0	0	1	0
282973	JAKMIP3	0	0	1	0
283455	KSR2	0	0	1	0
2843	GPR20	0	0	1	0
284371	ZNF841	0	0	1	0
284656	EPHA10	0	0	1	0
284677	C1orf204	0	0	1	0
284996	RNF149	0	0	1	0
285382	C3orf70	0	0	1	0
285423	LOC285423	0	0	1	0
285668	C5orf64	0	0	1	0
286097	MICU3	0	0	1	0
286183	NKAIN3	0	0	1	0
286319	TUSC1	0	0	1	0
286343	LURAP1L	0	0	1	0
287	ANK2	0	0	1	0
28951	TRIB2	0	0	1	0
28966	SNX24	0	0	1	0
28969	BZW2	0	0	1	0
28976	ACAD9	0	0	1	0
2899	GRIK3	0	0	1	0
2900	GRIK4	0	0	1	0
2901	GRIK5	0	0	1	0
29035	C16orf72	0	0	1	0
2908	NR3C1	0	0	1	0
29091	STXBP6	0	0	1	0
29097	CNIH4	0	0	1	0
29106	SCG3	0	0	1	0
29123	ANKRD11	0	0	1	0
2941	GSTA4	0	0	1	0
2965	GTF2H1	0	0	1	0
29780	PARVB	0	0	1	0
29945	ANAPC4	0	0	1	0
29951	PDZRN4	0	0	1	0
29953	TRHDE	0	0	1	0
30010	NXPH1	0	0	1	0
3038	HAS3	0	0	1	0
30812	SOX8	0	0	1	0
30820	KCNIP1	0	0	1	0
3146	HMGB1	0	0	1	0
3169	FOXA1	0	0	1	0
3183	HNRNPC	0	0	1	0
323	APBB2	0	0	1	0
3320	HSP90AA1	0	0	1	0
3371	TNC	0	0	1	0
338809	C12orf74	0	0	1	0
340481	ZDHHC21	0	0	1	0
340784	HMX3	0	0	1	0
340895	MALRD1	0	0	1	0
342125	TMC3	0	0	1	0
342132	ZNF774	0	0	1	0
342538	NACA2	0	0	1	0
342931	RFPL4A	0	0	1	0
343641	TGM6	0	0	1	0
343990	KIAA1211L	0	0	1	0
346007	EYS	0	0	1	0
347736	NME9	0	0	1	0
347902	AMIGO2	0	0	1	0
348110	ARPIN	0	0	1	0
3486	IGFBP3	0	0	1	0
353497	POLN	0	0	1	0
3543	IGLL1	0	0	1	0
3556	IL1RAP	0	0	1	0
3600	IL15	0	0	1	0
3608	ILF2	0	0	1	0
3672	ITGA1	0	0	1	0
3682	ITGAE	0	0	1	0
3688	ITGB1	0	0	1	0
3704	ITPA	0	0	1	0
3720	JARID2	0	0	1	0
374378	GALNT18	0	0	1	0
374864	CCDC178	0	0	1	0
3752	KCND3	0	0	1	0
375449	MAST4	0	0	1	0
3756	KCNH1	0	0	1	0
375612	LHFPL3	0	0	1	0
3760	KCNJ3	0	0	1	0
3773	KCNJ16	0	0	1	0
3778	KCNMA1	0	0	1	0
3798	KIF5A	0	0	1	0
3799	KIF5B	0	0	1	0
3815	KIT	0	0	1	0
383	ARG1	0	0	1	0
3840	KPNA4	0	0	1	0
3852	KRT5	0	0	1	0
387119	CEP85L	0	0	1	0
387755	INSC	0	0	1	0
388	RHOB	0	0	1	0
388289	C16orf47	0	0	1	0
388325	SCIMP	0	0	1	0
3891	KRT85	0	0	1	0
389170	LEKR1	0	0	1	0
389177	TMEM212	0	0	1	0
390036	OR52K1	0	0	1	0
390260	OR6X1	0	0	1	0
390443	RNASE9	0	0	1	0
3909	LAMA3	0	0	1	0
390928	PAPL	0	0	1	0
3915	LAMC1	0	0	1	0
3983	ABLIM1	0	0	1	0
399694	SHC4	0	0	1	0
4001	LMNB1	0	0	1	0
401474	SAMD12	0	0	1	0
403314	APOBEC4	0	0	1	0
404093	CUEDC1	0	0	1	0
4045	LSAMP	0	0	1	0
406	ARNTL	0	0	1	0
4064	CD180	0	0	1	0
4082	MARCKS	0	0	1	0
4092	SMAD7	0	0	1	0
411	ARSB	0	0	1	0
4131	MAP1B	0	0	1	0
4139	MARK1	0	0	1	0
414899	BLID	0	0	1	0
4153	MBL2	0	0	1	0
4155	MBP	0	0	1	0
4200	ME2	0	0	1	0
4233	MET	0	0	1	0
4259	MGST3	0	0	1	0
427	ASAH1	0	0	1	0
4289	MKLN1	0	0	1	0
43	ACHE	0	0	1	0
4326	MMP17	0	0	1	0
4329	ALDH6A1	0	0	1	0
4330	MN1	0	0	1	0
4343	MOV10	0	0	1	0
440073	IQSEC3	0	0	1	0
4547	MTTP	0	0	1	0
4589	MUC7	0	0	1	0
4685	NCAM2	0	0	1	0
4689	NCF4	0	0	1	0
4745	NELL1	0	0	1	0
4781	NFIB	0	0	1	0
4784	NFIX	0	0	1	0
48	ACO1	0	0	1	0
4814	NINJ1	0	0	1	0
4848	CNOT2	0	0	1	0
4852	NPY	0	0	1	0
4864	NPC1	0	0	1	0
4893	NRAS	0	0	1	0
4986	OPRK1	0	0	1	0
501	ALDH7A1	0	0	1	0
5021	OXTR	0	0	1	0
5027	P2RX7	0	0	1	0
5029	P2RY2	0	0	1	0
504189	OR8U8	0	0	1	0
5062	PAK2	0	0	1	0
50650	ARHGEF3	0	0	1	0
5076	PAX2	0	0	1	0
5079	PAX5	0	0	1	0
5087	PBX1	0	0	1	0
51059	FAM135B	0	0	1	0
51151	SLC45A2	0	0	1	0
51228	GLTP	0	0	1	0
51230	PHF20	0	0	1	0
51232	CRIM1	0	0	1	0
51253	MRPL37	0	0	1	0
5126	PCSK2	0	0	1	0
51371	POMP	0	0	1	0
5139	PDE3A	0	0	1	0
5142	PDE4B	0	0	1	0
51450	PRRX2	0	0	1	0
51555	PEX5L	0	0	1	0
51559	NT5DC3	0	0	1	0
51592	TRIM33	0	0	1	0
51594	NBAS	0	0	1	0
51606	ATP6V1H	0	0	1	0
5163	PDK1	0	0	1	0
51705	EMCN	0	0	1	0
51741	WWOX	0	0	1	0
51744	CD244	0	0	1	0
5175	PECAM1	0	0	1	0
51760	SYT17	0	0	1	0
5214	PFKP	0	0	1	0
5236	PGM1	0	0	1	0
5239	PGM5	0	0	1	0
526	ATP6V1B2	0	0	1	0
5288	PIK3C2G	0	0	1	0
5314	PKHD1	0	0	1	0
5317	PKP1	0	0	1	0
5321	PLA2G4A	0	0	1	0
53339	BTBD1	0	0	1	0
5336	PLCG2	0	0	1	0
5361	PLXNA1	0	0	1	0
5373	PMM2	0	0	1	0
53833	IL20RB	0	0	1	0
5396	PRRX1	0	0	1	0
54	ACP5	0	0	1	0
54014	BRWD1	0	0	1	0
54205	CYCS	0	0	1	0
54331	GNG2	0	0	1	0
54414	SIAE	0	0	1	0
54437	SEMA5B	0	0	1	0
54453	RIN2	0	0	1	0
54456	MOV10L1	0	0	1	0
54495	TMX3	0	0	1	0
54498	SMOX	0	0	1	0
5450	POU2AF1	0	0	1	0
54518	APBB1IP	0	0	1	0
54531	MIER2	0	0	1	0
54532	USP53	0	0	1	0
54549	SDK2	0	0	1	0
54600	UGT1A9	0	0	1	0
5467	PPARD	0	0	1	0
54798	DCHS2	0	0	1	0
54858	PGPEP1	0	0	1	0
54894	RNF43	0	0	1	0
5493	PPL	0	0	1	0
5494	PPM1A	0	0	1	0
55014	STX17	0	0	1	0
55016	MARCH1	0	0	1	0
55083	KIF26B	0	0	1	0
55118	CRTAC1	0	0	1	0
55133	SRBD1	0	0	1	0
55174	INTS10	0	0	1	0
55183	RIF1	0	0	1	0
55207	ARL8B	0	0	1	0
55224	ETNK2	0	0	1	0
5527	PPP2R5C	0	0	1	0
55312	RFK	0	0	1	0
55321	TMEM74B	0	0	1	0
55501	CHST12	0	0	1	0
5551	PRF1	0	0	1	0
55531	ELMOD1	0	0	1	0
55544	RBM38	0	0	1	0
55578	SUPT20H	0	0	1	0
55612	FERMT1	0	0	1	0
55619	DOCK10	0	0	1	0
55628	ZNF407	0	0	1	0
55668	GPATCH2L	0	0	1	0
5567	PRKACB	0	0	1	0
55679	LIMS2	0	0	1	0
55703	POLR3B	0	0	1	0
55714	TENM3	0	0	1	0
55733	HHAT	0	0	1	0
55734	ZFP64	0	0	1	0
55748	CNDP2	0	0	1	0
5577	PRKAR2B	0	0	1	0
5579	PRKCB	0	0	1	0
55799	CACNA2D3	0	0	1	0
55816	DOK5	0	0	1	0
55819	RNF130	0	0	1	0
55843	ARHGAP15	0	0	1	0
55857	KIZ	0	0	1	0
5586	PKN2	0	0	1	0
55907	CMAS	0	0	1	0
55959	SULF2	0	0	1	0
55971	BAIAP2L1	0	0	1	0
5608	MAP2K6	0	0	1	0
5617	PRL	0	0	1	0
56203	LMOD3	0	0	1	0
5636	PRPSAP2	0	0	1	0
56892	C8orf4	0	0	1	0
56895	AGPAT4	0	0	1	0
56911	MAP3K7CL	0	0	1	0
57045	TWSG1	0	0	1	0
57101	ANO2	0	0	1	0
57140	RNPEPL1	0	0	1	0
57142	RTN4	0	0	1	0
57156	TMEM63C	0	0	1	0
57161	PELI2	0	0	1	0
57162	PELI1	0	0	1	0
57209	ZNF248	0	0	1	0
57217	TTC7A	0	0	1	0
5728	PTEN	0	0	1	0
57338	JPH3	0	0	1	0
5738	PTGFRN	0	0	1	0
57419	SLC24A3	0	0	1	0
57451	TENM2	0	0	1	0
5746	PTH2R	0	0	1	0
57474	ZNF490	0	0	1	0
57480	PLEKHG1	0	0	1	0
57506	MAVS	0	0	1	0
57521	RPTOR	0	0	1	0
57542	KLHL42	0	0	1	0
57568	SIPA1L2	0	0	1	0
57569	ARHGAP20	0	0	1	0
57572	DOCK6	0	0	1	0
57574	MARCH4	0	0	1	0
57604	KIAA1456	0	0	1	0
57628	DPP10	0	0	1	0
57669	EPB41L5	0	0	1	0
57687	VAT1L	0	0	1	0
57732	ZFYVE28	0	0	1	0
5788	PTPRC	0	0	1	0
5795	PTPRJ	0	0	1	0
58155	PTBP2	0	0	1	0
5816	PVALB	0	0	1	0
58491	ZNF71	0	0	1	0
58504	ARHGAP22	0	0	1	0
58513	EPS15L1	0	0	1	0
5893	RAD52	0	0	1	0
590	BCHE	0	0	1	0
5915	RARB	0	0	1	0
59269	HIVEP3	0	0	1	0
5983	RFC3	0	0	1	0
6016	RIT1	0	0	1	0
6041	RNASEL	0	0	1	0
60412	EXOC4	0	0	1	0
60481	ELOVL5	0	0	1	0
607	BCL9	0	0	1	0
613227	HIGD1C	0	0	1	0
6196	RPS6KA2	0	0	1	0
6198	RPS6KB1	0	0	1	0
6251	RSU1	0	0	1	0
6258	RXRG	0	0	1	0
6263	RYR3	0	0	1	0
627	BDNF	0	0	1	0
63036	CELA2A	0	0	1	0
6323	SCN1A	0	0	1	0
6326	SCN2A	0	0	1	0
6332	SCN7A	0	0	1	0
6335	SCN9A	0	0	1	0
6337	SCNN1A	0	0	1	0
6341	SCO1	0	0	1	0
6385	SDC4	0	0	1	0
63898	SH2D4A	0	0	1	0
63971	KIF13A	0	0	1	0
63977	PRDM15	0	0	1	0
6400	SEL1L	0	0	1	0
6403	SELP	0	0	1	0
64094	SMOC2	0	0	1	0
64116	SLC39A8	0	0	1	0
6419	SETMAR	0	0	1	0
64208	POPDC3	0	0	1	0
643365	LINC00452	0	0	1	0
64420	SUSD1	0	0	1	0
64429	ZDHHC6	0	0	1	0
64747	MFSD1	0	0	1	0
64754	SMYD3	0	0	1	0
6478	SIAH2	0	0	1	0
64806	IL25	0	0	1	0
6484	ST3GAL4	0	0	1	0
64849	SLC13A3	0	0	1	0
64881	PCDH20	0	0	1	0
64928	MRPL14	0	0	1	0
6505	SLC1A1	0	0	1	0
6512	SLC1A7	0	0	1	0
6529	SLC6A1	0	0	1	0
6536	SLC6A9	0	0	1	0
6538	SLC6A11	0	0	1	0
654	BMP6	0	0	1	0
6631	SNRPC	0	0	1	0
6638	SNRPN	0	0	1	0
6647	SOD1	0	0	1	0
6648	SOD2	0	0	1	0
6649	SOD3	0	0	1	0
6694	SPP2	0	0	1	0
6711	SPTBN1	0	0	1	0
6718	AKR1D1	0	0	1	0
6793	STK10	0	0	1	0
6794	STK11	0	0	1	0
6840	SVIL	0	0	1	0
686	BTD	0	0	1	0
6862	T	0	0	1	0
6868	ADAM17	0	0	1	0
6905	TBCE	0	0	1	0
6916	TBXAS1	0	0	1	0
6921	TCEB1	0	0	1	0
6932	TCF7	0	0	1	0
7004	TEAD4	0	0	1	0
7018	TF	0	0	1	0
7022	TFAP2C	0	0	1	0
7035	TFPI	0	0	1	0
7037	TFRC	0	0	1	0
7040	TGFB1	0	0	1	0
7049	TGFBR3	0	0	1	0
7050	TGIF1	0	0	1	0
7077	TIMP2	0	0	1	0
7092	TLL1	0	0	1	0
7093	TLL2	0	0	1	0
7094	TLN1	0	0	1	0
7168	TPM1	0	0	1	0
7179	TPTE	0	0	1	0
7187	TRAF3	0	0	1	0
7189	TRAF6	0	0	1	0
7248	TSC1	0	0	1	0
7273	TTN	0	0	1	0
728	C5AR1	0	0	1	0
728597	DCDC2C	0	0	1	0
728715	LOC728715	0	0	1	0
729852	UMAD1	0	0	1	0
729967	MORN2	0	0	1	0
7410	VAV2	0	0	1	0
7441	VPREB1	0	0	1	0
7447	VSNL1	0	0	1	0
7476	WNT7A	0	0	1	0
7518	XRCC4	0	0	1	0
753	LDLRAD4	0	0	1	0
7532	YWHAG	0	0	1	0
7545	ZIC1	0	0	1	0
7678	ZNF124	0	0	1	0
7704	ZBTB16	0	0	1	0
7767	ZNF224	0	0	1	0
7773	ZNF230	0	0	1	0
784	CACNB3	0	0	1	0
7852	CXCR4	0	0	1	0
7857	SCG2	0	0	1	0
79016	DDA1	0	0	1	0
79047	KCTD15	0	0	1	0
7905	REEP5	0	0	1	0
79071	ELOVL6	0	0	1	0
79191	IRX3	0	0	1	0
7942	TFEB	0	0	1	0
79668	PARP8	0	0	1	0
79703	C11orf80	0	0	1	0
79723	SUV39H2	0	0	1	0
79739	TTLL7	0	0	1	0
79746	ECHDC3	0	0	1	0
79772	MCTP1	0	0	1	0
79780	CCDC82	0	0	1	0
79784	MYH14	0	0	1	0
79788	ZNF665	0	0	1	0
7979	SHFM1	0	0	1	0
79875	THSD4	0	0	1	0
79879	CCDC134	0	0	1	0
79905	TMC7	0	0	1	0
79931	TNIP3	0	0	1	0
79981	FRMD1	0	0	1	0
80003	PCNXL2	0	0	1	0
80031	SEMA6D	0	0	1	0
80070	ADAMTS20	0	0	1	0
80117	ARL14	0	0	1	0
8013	NR4A3	0	0	1	0
80169	CTC1	0	0	1	0
80204	FBXO11	0	0	1	0
80206	FHOD3	0	0	1	0
80207	OPA3	0	0	1	0
80210	ARMC9	0	0	1	0
80216	ALPK1	0	0	1	0
80217	CFAP43	0	0	1	0
80224	NUBPL	0	0	1	0
8029	CUBN	0	0	1	0
80301	PLEKHO2	0	0	1	0
80320	SP6	0	0	1	0
8038	ADAM12	0	0	1	0
80381	CD276	0	0	1	0
805	CALM2	0	0	1	0
80746	TSEN2	0	0	1	0
80834	TAS1R2	0	0	1	0
80856	KIAA1715	0	0	1	0
81328	OR4A15	0	0	1	0
81472	OR2C3	0	0	1	0
81545	FBXO38	0	0	1	0
81550	TDRD3	0	0	1	0
81846	SBF2	0	0	1	0
81847	RNF146	0	0	1	0
8321	FZD1	0	0	1	0
83540	NUF2	0	0	1	0
83660	TLN2	0	0	1	0
83698	CALN1	0	0	1	0
83707	TRPT1	0	0	1	0
83853	ROPN1L	0	0	1	0
83861	RSPH3	0	0	1	0
83893	SPATA16	0	0	1	0
84079	ANKRD27	0	0	1	0
84084	RAB6C	0	0	1	0
84105	PCBD2	0	0	1	0
84146	ZNF644	0	0	1	0
84253	GARNL3	0	0	1	0
8428	STK24	0	0	1	0
84281	C2orf88	0	0	1	0
84318	CCDC77	0	0	1	0
84319	CMSS1	0	0	1	0
84458	LCOR	0	0	1	0
84570	COL25A1	0	0	1	0
84612	PARD6B	0	0	1	0
84618	NT5C1A	0	0	1	0
84628	NTNG2	0	0	1	0
84888	SPPL2A	0	0	1	0
84952	CGNL1	0	0	1	0
84970	C1orf94	0	0	1	0
8499	PPFIA2	0	0	1	0
84992	PIGY	0	0	1	0
85445	CNTNAP4	0	0	1	0
85461	TANC1	0	0	1	0
85462	FHDC1	0	0	1	0
8559	PRPF18	0	0	1	0
8618	CADPS	0	0	1	0
8622	PDE8B	0	0	1	0
8645	KCNK5	0	0	1	0
8650	NUMB	0	0	1	0
866	SERPINA6	0	0	1	0
8665	EIF3F	0	0	1	0
8728	ADAM19	0	0	1	0
88	ACTN2	0	0	1	0
8814	CDKL1	0	0	1	0
8825	LIN7A	0	0	1	0
8853	ASAP2	0	0	1	0
8878	SQSTM1	0	0	1	0
8911	CACNA1I	0	0	1	0
8913	CACNA1G	0	0	1	0
8932	MBD2	0	0	1	0
8976	WASL	0	0	1	0
89796	NAV1	0	0	1	0
89797	NAV2	0	0	1	0
89978	DPH6	0	0	1	0
9013	TAF1C	0	0	1	0
90141	EFCAB11	0	0	1	0
9019	MPZL1	0	0	1	0
902	CCNH	0	0	1	0
90390	MED30	0	0	1	0
90459	ERI1	0	0	1	0
9088	PKMYT1	0	0	1	0
9091	PIGQ	0	0	1	0
9110	MTMR4	0	0	1	0
91523	PCED1B	0	0	1	0
9154	SLC28A1	0	0	1	0
91768	CABLES1	0	0	1	0
91782	CHMP7	0	0	1	0
9181	ARHGEF2	0	0	1	0
91862	MARVELD3	0	0	1	0
9188	DDX21	0	0	1	0
92017	SNX29	0	0	1	0
92086	GGTLC1	0	0	1	0
9215	LARGE	0	0	1	0
92170	MTG1	0	0	1	0
92255	LMBRD2	0	0	1	0
9227	LRAT	0	0	1	0
92293	TMEM132C	0	0	1	0
9232	PTTG1	0	0	1	0
9258	MFHAS1	0	0	1	0
9267	CYTH1	0	0	1	0
92737	DNER	0	0	1	0
9276	COPB2	0	0	1	0
92922	CCDC102A	0	0	1	0
9306	SOCS6	0	0	1	0
93100	NAPRT	0	0	1	0
9317	PTER	0	0	1	0
9325	TRIP4	0	0	1	0
9331	B4GALT6	0	0	1	0
9333	TGM5	0	0	1	0
93589	CACNA2D4	0	0	1	0
9373	PLAA	0	0	1	0
9378	NRXN1	0	0	1	0
9381	OTOF	0	0	1	0
9392	TGFBRAP1	0	0	1	0
93986	FOXP2	0	0	1	0
9425	CDYL	0	0	1	0
9450	LY86	0	0	1	0
9456	HOMER1	0	0	1	0
9465	AKAP7	0	0	1	0
9467	SH3BP5	0	0	1	0
947	CD34	0	0	1	0
9470	EIF4E2	0	0	1	0
9509	ADAMTS2	0	0	1	0
9516	LITAF	0	0	1	0
9547	CXCL14	0	0	1	0
955	ENTPD6	0	0	1	0
9555	H2AFY	0	0	1	0
9619	ABCG1	0	0	1	0
9628	RGS6	0	0	1	0
9638	FEZ1	0	0	1	0
9639	ARHGEF10	0	0	1	0
9647	PPM1F	0	0	1	0
9655	SOCS5	0	0	1	0
9663	LPIN2	0	0	1	0
9671	WSCD2	0	0	1	0
9674	KIAA0040	0	0	1	0
9683	N4BP1	0	0	1	0
9696	CROCC	0	0	1	0
9741	LAPTM4A	0	0	1	0
9750	FAM65B	0	0	1	0
9764	KIAA0513	0	0	1	0
9770	RASSF2	0	0	1	0
9815	GIT2	0	0	1	0
9846	GAB2	0	0	1	0
9862	MED24	0	0	1	0
9910	RABGAP1L	0	0	1	0
9915	ARNT2	0	0	1	0
9922	IQSEC1	0	0	1	0
994	CDC25B	0	0	1	0
9957	HS3ST1	0	0	1	0
146	ADRA1D	0	0	0	5
57713	SFMBT2	0	0	0	5
124045	SPATA33	0	0	0	4
129285	PPP1R21	0	0	0	4
130576	LYPD6B	0	0	0	4
136319	MTPN	0	0	0	4
140809	SRXN1	0	0	0	4
2023	ENO1	0	0	0	4
3094	HINT1	0	0	0	4
3344	FOXN2	0	0	0	4
389158	PLSCR5	0	0	0	4
55294	FBXW7	0	0	0	4
6939	TCF15	0	0	0	4
9448	MAP4K4	0	0	0	4
124936	CYB5D2	0	0	0	3
1316	KLF6	0	0	0	3
2018	EMX2	0	0	0	3
220158	GTSCR1	0	0	0	3
2214	FCGR3A	0	0	0	3
3790	KCNS3	0	0	0	3
4613	MYCN	0	0	0	3
51479	ANKFY1	0	0	0	3
553158	PRR5-ARHGAP8	0	0	0	3
57665	RDH14	0	0	0	3
91464	ISX	0	0	0	3
100652824	KIAA2012	0	0	0	2
1009	CDH11	0	0	0	2
11153	FICD	0	0	0	2
11183	MAP4K5	0	0	0	2
11280	SCN11A	0	0	0	2
118987	PDZD8	0	0	0	2
123775	C16orf46	0	0	0	2
130013	ACMSD	0	0	0	2
130827	TMEM182	0	0	0	2
131601	TPRA1	0	0	0	2
154810	AMOTL1	0	0	0	2
166614	DCLK2	0	0	0	2
1723	DHODH	0	0	0	2
1758	DMP1	0	0	0	2
2117	ETV3	0	0	0	2
219409	GSX1	0	0	0	2
23127	COLGALT2	0	0	0	2
23302	WSCD1	0	0	0	2
2632	GBE1	0	0	0	2
26578	OSTF1	0	0	0	2
2675	GFRA2	0	0	0	2
27249	MMADHC	0	0	0	2
2825	GPR1	0	0	0	2
284612	SYPL2	0	0	0	2
284613	CYB561D1	0	0	0	2
285311	C3orf56	0	0	0	2
3096	HIVEP1	0	0	0	2
3651	PDX1	0	0	0	2
440695	ETV3L	0	0	0	2
4920	ROR2	0	0	0	2
4929	NR4A2	0	0	0	2
51062	ATL1	0	0	0	2
51617	HMP19	0	0	0	2
55693	KDM4D	0	0	0	2
57683	ZDBF2	0	0	0	2
58531	PRM3	0	0	0	2
60485	SAV1	0	0	0	2
64411	ARAP3	0	0	0	2
655	BMP7	0	0	0	2
6570	SLC18A1	0	0	0	2
6854	SYN2	0	0	0	2
6894	TARBP1	0	0	0	2
7074	TIAM1	0	0	0	2
7140	TNNT3	0	0	0	2
79161	TMEM243	0	0	0	2
79605	PGBD5	0	0	0	2
7991	TUSC3	0	0	0	2
81035	COLEC12	0	0	0	2
81488	POLR2M	0	0	0	2
83416	FCRL5	0	0	0	2
84541	KBTBD8	0	0	0	2
84945	ABHD13	0	0	0	2
8745	ADAM23	0	0	0	2
9444	QKI	0	0	0	2
9984	THOC1	0	0	0	2
10010	TANK	0	0	0	1
100128088	LOC100128088	0	0	0	1
100129278	TDRD15	0	0	0	1
100129669	IZUMO3	0	0	0	1
100130967	C6orf99	0	0	0	1
100132731	LOC100132731	0	0	0	1
100288485	MTRNR2L7	0	0	0	1
100463289	MTRNR2L5	0	0	0	1
1005	CDH7	0	0	0	1
100506650	C17orf112	0	0	0	1
10060	ABCC9	0	0	0	1
10072	DPP3	0	0	0	1
100820829	MYZAP	0	0	0	1
100861519	GDNF-AS1	0	0	0	1
101059938	NPIPA7	0	0	0	1
10116	FEM1B	0	0	0	1
10154	PLXNC1	0	0	0	1
10175	CNIH1	0	0	0	1
10190	TXNDC9	0	0	0	1
101927581	CCDC182	0	0	0	1
101927764	LOC101927764	0	0	0	1
101929141	LOC101929141	0	0	0	1
10194	TSHZ1	0	0	0	1
10195	ALG3	0	0	0	1
10196	PRMT3	0	0	0	1
10200	MPHOSPH6	0	0	0	1
10203	CALCRL	0	0	0	1
10265	IRX5	0	0	0	1
10277	UBE4B	0	0	0	1
10283	CWC27	0	0	0	1
10286	BCAS2	0	0	0	1
10432	RBM14	0	0	0	1
10466	COG5	0	0	0	1
10472	ZBTB18	0	0	0	1
10480	EIF3M	0	0	0	1
10524	KAT5	0	0	0	1
10539	GLRX3	0	0	0	1
10541	ANP32B	0	0	0	1
10551	AGR2	0	0	0	1
10588	MTHFS	0	0	0	1
10631	POSTN	0	0	0	1
10640	EXOC5	0	0	0	1
10668	CGRRF1	0	0	0	1
10744	PTTG2	0	0	0	1
1080	CFTR	0	0	0	1
10874	NMU	0	0	0	1
10888	GPR83	0	0	0	1
10897	YIF1A	0	0	0	1
10912	GADD45G	0	0	0	1
10920	COPS8	0	0	0	1
10963	STIP1	0	0	0	1
10992	SF3B2	0	0	0	1
11034	DSTN	0	0	0	1
11052	CPSF6	0	0	0	1
11101	ATE1	0	0	0	1
11140	CDC37	0	0	0	1
1120	CHKB	0	0	0	1
11217	AKAP2	0	0	0	1
112399	EGLN3	0	0	0	1
11250	GPR45	0	0	0	1
11318	GPR182	0	0	0	1
113828	FAM83F	0	0	0	1
114788	CSMD3	0	0	0	1
114792	KLHL32	0	0	0	1
114827	FHAD1	0	0	0	1
114880	OSBPL6	0	0	0	1
114881	OSBPL7	0	0	0	1
115111	SLC26A7	0	0	0	1
115123	MARCH3	0	0	0	1
115209	OMA1	0	0	0	1
117178	SSX2IP	0	0	0	1
1173	AP2M1	0	0	0	1
121512	FGD4	0	0	0	1
123099	DEGS2	0	0	0	1
124	ADH1A	0	0	0	1
124222	PAQR4	0	0	0	1
124995	MRPL10	0	0	0	1
126147	NTN5	0	0	0	1
126969	SLC44A3	0	0	0	1
127	ADH4	0	0	0	1
128	ADH5	0	0	0	1
128861	BPIFA3	0	0	0	1
1291	COL6A1	0	0	0	1
129446	XIRP2	0	0	0	1
129530	LYG1	0	0	0	1
129531	MITD1	0	0	0	1
130106	CIB4	0	0	0	1
131583	FAM43A	0	0	0	1
132332	TMEM155	0	0	0	1
133522	PPARGC1B	0	0	0	1
134145	FAM173B	0	0	0	1
134637	ADAT2	0	0	0	1
1355	COX15	0	0	0	1
138802	OR13C8	0	0	0	1
138803	OR13C3	0	0	0	1
1392	CRH	0	0	0	1
140690	CTCFL	0	0	0	1
145942	TMCO5A	0	0	0	1
147495	APCDD1	0	0	0	1
147700	KLC3	0	0	0	1
148823	GCSAML	0	0	0	1
149954	BPIFB4	0	0	0	1
150275	CCDC117	0	0	0	1
150590	C2orf15	0	0	0	1
150677	OTOS	0	0	0	1
1508	CTSB	0	0	0	1
151636	DTX3L	0	0	0	1
151871	DPPA2	0	0	0	1
152138	PYDC2	0	0	0	1
1528	CYB5A	0	0	0	1
153396	TMEM161B	0	0	0	1
153571	C5orf38	0	0	0	1
153572	IRX2	0	0	0	1
1539	CYLC2	0	0	0	1
154150	HDGFL1	0	0	0	1
1543	CYP1A1	0	0	0	1
1544	CYP1A2	0	0	0	1
155051	CRYGN	0	0	0	1
155465	AGR3	0	0	0	1
157	ADRBK2	0	0	0	1
157695	TDRP	0	0	0	1
157697	ERICH1	0	0	0	1
157927	C9orf62	0	0	0	1
158135	TTLL11	0	0	0	1
1613	DAPK3	0	0	0	1
162073	ITPRIPL2	0	0	0	1
163259	DENND2C	0	0	0	1
164045	HFM1	0	0	0	1
164153	UBL4B	0	0	0	1
165186	FAM179A	0	0	0	1
167153	PAPD4	0	0	0	1
170572	HTR3C	0	0	0	1
1828	DSG1	0	0	0	1
1834	DSPP	0	0	0	1
1910	EDNRB	0	0	0	1
1959	EGR2	0	0	0	1
1962	EHHADH	0	0	0	1
197257	LDHD	0	0	0	1
200159	C1orf100	0	0	0	1
200504	GKN2	0	0	0	1
200909	HTR3D	0	0	0	1
201161	CENPV	0	0	0	1
2012	EMP1	0	0	0	1
201595	STT3B	0	0	0	1
2020	EN2	0	0	0	1
203	AK1	0	0	0	1
203859	ANO5	0	0	0	1
2049	EPHB3	0	0	0	1
2177	FANCD2	0	0	0	1
219482	OR5M3	0	0	0	1
219557	C7orf62	0	0	0	1
219595	FOLH1B	0	0	0	1
220108	FAM124A	0	0	0	1
220213	OTUD1	0	0	0	1
221002	RASGEF1A	0	0	0	1
221074	SLC39A12	0	0	0	1
221981	THSD7A	0	0	0	1
2222	FDFT1	0	0	0	1
222484	LNX2	0	0	0	1
2251	FGF6	0	0	0	1
22795	NID2	0	0	0	1
22800	RRAS2	0	0	0	1
22803	XRN2	0	0	0	1
22861	NLRP1	0	0	0	1
22862	FNDC3A	0	0	0	1
22919	MAPRE1	0	0	0	1
22976	PAXIP1	0	0	0	1
2300	FOXL1	0	0	0	1
23063	WAPAL	0	0	0	1
23185	LARP4B	0	0	0	1
23253	ANKRD12	0	0	0	1
23281	MTUS2	0	0	0	1
23286	WWC1	0	0	0	1
23312	DMXL2	0	0	0	1
23315	SLC9A8	0	0	0	1
2353	FOS	0	0	0	1
23541	SEC14L2	0	0	0	1
23562	CLDN14	0	0	0	1
2359	FPR3	0	0	0	1
23768	FLRT2	0	0	0	1
23780	APOL2	0	0	0	1
245806	VGLL2	0	0	0	1
246330	PELI3	0	0	0	1
2523	FUT1	0	0	0	1
253714	MMS22L	0	0	0	1
253970	SFTA3	0	0	0	1
254263	CNIH2	0	0	0	1
254359	ZDHHC24	0	0	0	1
254439	C11orf86	0	0	0	1
254773	LYG2	0	0	0	1
255394	TCP11L2	0	0	0	1
255783	INAFM1	0	0	0	1
256144	OR4C3	0	0	0	1
256148	OR4S1	0	0	0	1
256472	TMEM151A	0	0	0	1
2565	GABRG1	0	0	0	1
2566	GABRG2	0	0	0	1
257	ALX3	0	0	0	1
258010	SVIP	0	0	0	1
25802	LMOD1	0	0	0	1
25855	BRMS1	0	0	0	1
2587	GALR1	0	0	0	1
25871	C3orf17	0	0	0	1
25924	MYRIP	0	0	0	1
259266	ASPM	0	0	0	1
259282	BOD1L1	0	0	0	1
25932	CLIC4	0	0	0	1
25941	TPGS2	0	0	0	1
25945	PVRL3	0	0	0	1
25998	IBTK	0	0	0	1
26251	KCNG2	0	0	0	1
26278	SACS	0	0	0	1
26291	FGF21	0	0	0	1
2641	GCG	0	0	0	1
26507	CNNM1	0	0	0	1
26585	GREM1	0	0	0	1
266743	NPAS4	0	0	0	1
2697	GJA1	0	0	0	1
270	AMPD1	0	0	0	1
27042	DIEXF	0	0	0	1
27075	TSPAN13	0	0	0	1
27087	B3GAT1	0	0	0	1
271	AMPD2	0	0	0	1
27109	ATP5S	0	0	0	1
27231	NMRK2	0	0	0	1
27253	PCDH17	0	0	0	1
27289	RND1	0	0	0	1
2731	GLDC	0	0	0	1
27314	RAB30	0	0	0	1
27333	GOLIM4	0	0	0	1
2764	GMFB	0	0	0	1
2780	GNAT2	0	0	0	1
283383	ADGRD1	0	0	0	1
2835	GPR12	0	0	0	1
283777	FAM169B	0	0	0	1
283953	TMEM114	0	0	0	1
284257	BOD1L2	0	0	0	1
2849	GPR26	0	0	0	1
285242	HTR3E	0	0	0	1
285888	CNPY1	0	0	0	1
286006	LSMEM1	0	0	0	1
2867	FFAR2	0	0	0	1
28984	RGCC	0	0	0	1
29090	TIMM21	0	0	0	1
29116	MYLIP	0	0	0	1
2971	GTF3A	0	0	0	1
29924	EPN1	0	0	0	1
2995	GYPC	0	0	0	1
30009	TBX21	0	0	0	1
3032	HADHB	0	0	0	1
3078	CFHR1	0	0	0	1
3177	SLC29A2	0	0	0	1
319089	TTC6	0	0	0	1
3206	HOXA10	0	0	0	1
3315	HSPB1	0	0	0	1
3351	HTR1B	0	0	0	1
3355	HTR1F	0	0	0	1
3360	HTR4	0	0	0	1
3361	HTR5A	0	0	0	1
3381	IBSP	0	0	0	1
338321	NLRP9	0	0	0	1
339479	BRINP3	0	0	0	1
3400	ID4	0	0	0	1
340061	TMEM173	0	0	0	1
340146	SLC35D3	0	0	0	1
344191	EVX2	0	0	0	1
344787	ZNF860	0	0	0	1
345757	FAM174A	0	0	0	1
345778	MTX3	0	0	0	1
3479	IGF1	0	0	0	1
3567	IL5	0	0	0	1
3569	IL6	0	0	0	1
3574	IL7	0	0	0	1
36	ACADSB	0	0	0	1
360023	ZBTB41	0	0	0	1
3617	IMPG1	0	0	0	1
3631	INPP4A	0	0	0	1
3638	INSIG1	0	0	0	1
3738	KCNA3	0	0	0	1
3741	KCNA5	0	0	0	1
374946	DRAXIN	0	0	0	1
3775	KCNK1	0	0	0	1
3787	KCNS1	0	0	0	1
387496	RASL11A	0	0	0	1
387882	C12orf75	0	0	0	1
387923	SERP2	0	0	0	1
388135	C15orf59	0	0	0	1
388531	RGS9BP	0	0	0	1
388533	KRTDAP	0	0	0	1
388630	TRABD2B	0	0	0	1
388795	EFCAB8	0	0	0	1
388939	C2orf71	0	0	0	1
388946	TMEM247	0	0	0	1
389337	ARHGEF37	0	0	0	1
389676	C8orf87	0	0	0	1
390066	OR52D1	0	0	0	1
390231	TRIM77	0	0	0	1
390261	OR6M1	0	0	0	1
390502	SERPINA2	0	0	0	1
390916	NUDT19	0	0	0	1
400360	C15orf54	0	0	0	1
400410	ST20	0	0	0	1
400954	EML6	0	0	0	1
4017	LOXL2	0	0	0	1
4057	LTF	0	0	0	1
4091	SMAD6	0	0	0	1
4154	MBNL1	0	0	0	1
4293	MAP3K9	0	0	0	1
440	ASNS	0	0	0	1
4487	MSX1	0	0	0	1
4543	MTNR1A	0	0	0	1
4593	MUSK	0	0	0	1
4621	MYH3	0	0	0	1
4692	NDN	0	0	0	1
4762	NEUROG1	0	0	0	1
4772	NFATC1	0	0	0	1
4821	NKX2-2	0	0	0	1
4908	NTF3	0	0	0	1
4931	NVL	0	0	0	1
497190	CLEC18B	0	0	0	1
5049	PAFAH1B2	0	0	0	1
50507	NOX4	0	0	0	1
50613	UBQLN3	0	0	0	1
5068	REG3A	0	0	0	1
5091	PC	0	0	0	1
5092	PCBD1	0	0	0	1
5105	PCK1	0	0	0	1
51076	CUTC	0	0	0	1
51123	ZNF706	0	0	0	1
51141	INSIG2	0	0	0	1
51263	MRPL30	0	0	0	1
51297	BPIFA1	0	0	0	1
51298	THEG	0	0	0	1
5132	PDC	0	0	0	1
5141	PDE4A	0	0	0	1
51455	REV1	0	0	0	1
5150	PDE7A	0	0	0	1
51537	MTFP1	0	0	0	1
51585	PCF11	0	0	0	1
51601	LIPT1	0	0	0	1
51635	DHRS7	0	0	0	1
51649	MRPS23	0	0	0	1
5226	PGD	0	0	0	1
5289	PIK3C3	0	0	0	1
5308	PITX2	0	0	0	1
5311	PKD2	0	0	0	1
53342	IL17D	0	0	0	1
53828	FXYD4	0	0	0	1
53918	PELO	0	0	0	1
53919	SLCO1C1	0	0	0	1
53981	CPSF2	0	0	0	1
54206	ERRFI1	0	0	0	1
54207	KCNK10	0	0	0	1
54504	CPVL	0	0	0	1
54510	PCDH18	0	0	0	1
54522	ANKRD16	0	0	0	1
5457	POU4F1	0	0	0	1
54625	PARP14	0	0	0	1
54664	TMEM106B	0	0	0	1
54766	BTG4	0	0	0	1
54808	DYM	0	0	0	1
54854	FAM83E	0	0	0	1
54891	INO80D	0	0	0	1
54916	TMEM260	0	0	0	1
54982	CLN6	0	0	0	1
55005	RMND1	0	0	0	1
55048	VPS37C	0	0	0	1
55089	SLC38A4	0	0	0	1
55105	GPATCH2	0	0	0	1
55211	DPPA4	0	0	0	1
55213	RCBTB1	0	0	0	1
55231	CCDC87	0	0	0	1
5530	PPP3CA	0	0	0	1
55324	ABCF3	0	0	0	1
55521	TRIM36	0	0	0	1
55554	KLK15	0	0	0	1
55617	TASP1	0	0	0	1
55653	BCAS4	0	0	0	1
55662	HIF1AN	0	0	0	1
55726	ASUN	0	0	0	1
55763	EXOC1	0	0	0	1
55790	CSGALNACT1	0	0	0	1
55837	EAPP	0	0	0	1
55862	ECHDC1	0	0	0	1
55967	NDUFA12	0	0	0	1
5619	PRM1	0	0	0	1
5620	PRM2	0	0	0	1
56287	GKN1	0	0	0	1
56311	ANKRD7	0	0	0	1
56670	SUCNR1	0	0	0	1
5682	PSMA1	0	0	0	1
5686	PSMA5	0	0	0	1
56884	FSTL5	0	0	0	1
56940	DUSP22	0	0	0	1
56955	MEPE	0	0	0	1
57007	ACKR3	0	0	0	1
57085	AGTRAP	0	0	0	1
57089	ENTPD7	0	0	0	1
57124	CD248	0	0	0	1
57182	ANKRD50	0	0	0	1
57210	SLC45A4	0	0	0	1
5732	PTGER2	0	0	0	1
574	BAGE	0	0	0	1
574028	CLLU1	0	0	0	1
57408	LRTM1	0	0	0	1
5743	PTGS2	0	0	0	1
57463	AMIGO1	0	0	0	1
57472	CNOT6	0	0	0	1
57478	USP31	0	0	0	1
57504	MTA3	0	0	0	1
57536	KIAA1328	0	0	0	1
57538	ALPK3	0	0	0	1
57593	EBF4	0	0	0	1
57621	ZBTB2	0	0	0	1
57690	TNRC6C	0	0	0	1
5775	PTPN4	0	0	0	1
57799	RAB40C	0	0	0	1
57822	GRHL3	0	0	0	1
57829	ZP4	0	0	0	1
5783	PTPN13	0	0	0	1
579	NKX3-2	0	0	0	1
582	BBS1	0	0	0	1
58472	SQRDL	0	0	0	1
58524	DMRT3	0	0	0	1
58533	SNX6	0	0	0	1
5867	RAB4A	0	0	0	1
5896	RAG1	0	0	0	1
5897	RAG2	0	0	0	1
5901	RAN	0	0	0	1
5921	RASA1	0	0	0	1
59336	PRDM13	0	0	0	1
59342	SCPEP1	0	0	0	1
5936	RBM4	0	0	0	1
594857	NPS	0	0	0	1
6091	ROBO1	0	0	0	1
613212	CTXN3	0	0	0	1
6141	RPL18	0	0	0	1
6150	MRPL23	0	0	0	1
6171	RPL41	0	0	0	1
6238	RRBP1	0	0	0	1
6256	RXRA	0	0	0	1
63923	TNN	0	0	0	1
63974	NEUROD6	0	0	0	1
63982	ANO3	0	0	0	1
6402	SELL	0	0	0	1
64115	C10orf54	0	0	0	1
641700	ECSCR	0	0	0	1
6421	SFPQ	0	0	0	1
642636	RAD21L1	0	0	0	1
642938	FAM196A	0	0	0	1
643037	C11orf97	0	0	0	1
643246	MAP1LC3B2	0	0	0	1
64377	CHST8	0	0	0	1
643911	CRNDE	0	0	0	1
644524	NKX2-4	0	0	0	1
64778	FNDC3B	0	0	0	1
64837	KLC2	0	0	0	1
64863	METTL4	0	0	0	1
6487	ST3GAL3	0	0	0	1
64897	C12orf43	0	0	0	1
64965	MRPS9	0	0	0	1
65003	MRPL11	0	0	0	1
652991	SKOR2	0	0	0	1
654429	LRTM2	0	0	0	1
6558	SLC12A2	0	0	0	1
65992	DDRGK1	0	0	0	1
6655	SOS2	0	0	0	1
6696	SPP1	0	0	0	1
6712	SPTBN2	0	0	0	1
6720	SREBF1	0	0	0	1
6747	SSR3	0	0	0	1
6863	TAC1	0	0	0	1
6867	TACC1	0	0	0	1
6898	TAT	0	0	0	1
701	BUB1B	0	0	0	1
7058	THBS2	0	0	0	1
7079	TIMP4	0	0	0	1
7130	TNFAIP6	0	0	0	1
7136	TNNI2	0	0	0	1
7201	TRHR	0	0	0	1
7223	TRPC4	0	0	0	1
727684	C1orf195	0	0	0	1
729020	RPEL1	0	0	0	1
7306	TYRP1	0	0	0	1
7336	UBE2V2	0	0	0	1
735	C9	0	0	0	1
7409	VAV1	0	0	0	1
7416	VDAC1	0	0	0	1
7429	VIL1	0	0	0	1
7430	EZR	0	0	0	1
7436	VLDLR	0	0	0	1
7472	WNT2	0	0	0	1
7474	WNT5A	0	0	0	1
7528	YY1	0	0	0	1
770	CA11	0	0	0	1
7701	ZNF142	0	0	0	1
7804	LRP8	0	0	0	1
7812	CSDE1	0	0	0	1
78999	LRFN4	0	0	0	1
79009	DDX50	0	0	0	1
79056	PRRG4	0	0	0	1
79611	ACSS3	0	0	0	1
79621	RNASEH2B	0	0	0	1
79624	ARMT1	0	0	0	1
79648	MCPH1	0	0	0	1
79791	FBXO31	0	0	0	1
7982	ST7	0	0	0	1
79832	QSER1	0	0	0	1
79837	PIP4K2C	0	0	0	1
79899	PRR5L	0	0	0	1
79944	L2HGDH	0	0	0	1
80110	ZNF614	0	0	0	1
80205	CHD9	0	0	0	1
80232	WDR26	0	0	0	1
80333	KCNIP4	0	0	0	1
80705	TSGA10	0	0	0	1
8074	FGF23	0	0	0	1
80745	THUMPD2	0	0	0	1
80832	APOL4	0	0	0	1
8128	ST8SIA2	0	0	0	1
81553	FAM49A	0	0	0	1
81631	MAP1LC3B	0	0	0	1
81796	SLCO5A1	0	0	0	1
81848	SPRY4	0	0	0	1
81876	RAB1B	0	0	0	1
81894	SLC25A28	0	0	0	1
81930	KIF18A	0	0	0	1
8325	FZD8	0	0	0	1
8328	GFI1B	0	0	0	1
83666	PARP9	0	0	0	1
83706	FERMT3	0	0	0	1
83759	RBM4B	0	0	0	1
83894	TTC29	0	0	0	1
84103	C4orf17	0	0	0	1
84153	RNASEH2C	0	0	0	1
84189	SLITRK6	0	0	0	1
84275	SLC25A33	0	0	0	1
84304	NUDT22	0	0	0	1
84451	KIAA1804	0	0	0	1
8452	CUL3	0	0	0	1
84539	MCHR2	0	0	0	1
84569	LYZL1	0	0	0	1
84675	TRIM55	0	0	0	1
84872	ZC3H10	0	0	0	1
84893	FBXO18	0	0	0	1
84937	ZNRF1	0	0	0	1
84955	NUDCD1	0	0	0	1
84961	FBXL20	0	0	0	1
85319	BAGE2	0	0	0	1
8543	LMO4	0	0	0	1
85443	DCLK3	0	0	0	1
8554	PIAS1	0	0	0	1
860	RUNX2	0	0	0	1
8608	RDH16	0	0	0	1
8646	CHRD	0	0	0	1
8648	NCOA1	0	0	0	1
869	CBLN1	0	0	0	1
8707	B3GALT2	0	0	0	1
87178	PNPT1	0	0	0	1
8722	CTSF	0	0	0	1
8774	NAPG	0	0	0	1
8777	MPDZ	0	0	0	1
8793	TNFRSF10D	0	0	0	1
8797	TNFRSF10A	0	0	0	1
8821	INPP4B	0	0	0	1
8828	NRP2	0	0	0	1
8846	ALKBH1	0	0	0	1
8893	EIF2B5	0	0	0	1
89	ACTN3	0	0	0	1
8915	BCL10	0	0	0	1
89792	GAL3ST3	0	0	0	1
89882	TPD52L3	0	0	0	1
9	NAT1	0	0	0	1
90019	SYT8	0	0	0	1
901	CCNG2	0	0	0	1
90113	VWA5B2	0	0	0	1
90196	SYS1	0	0	0	1
90317	ZNF616	0	0	0	1
90427	BMF	0	0	0	1
91074	ANKRD30A	0	0	0	1
9141	PDCD5	0	0	0	1
91582	RPS19BP1	0	0	0	1
91683	SYT12	0	0	0	1
91750	LIN52	0	0	0	1
91860	CALML4	0	0	0	1
91947	ARRDC4	0	0	0	1
9201	DCLK1	0	0	0	1
9202	ZMYM4	0	0	0	1
9223	MAGI1	0	0	0	1
9242	MSC	0	0	0	1
92949	ADAMTSL1	0	0	0	1
93587	TRMT10A	0	0	0	1
9364	RAB28	0	0	0	1
93663	ARHGAP18	0	0	0	1
94032	CAMK2N2	0	0	0	1
9413	FAM189A2	0	0	0	1
9416	DDX23	0	0	0	1
9487	PIGL	0	0	0	1
9518	GDF15	0	0	0	1
9564	BCAR1	0	0	0	1
9590	AKAP12	0	0	0	1
9610	RIN1	0	0	0	1
9622	KLK4	0	0	0	1
9640	ZNF592	0	0	0	1
9654	TTLL4	0	0	0	1
9668	ZNF432	0	0	0	1
9669	EIF5B	0	0	0	1
9717	SEC14L5	0	0	0	1
9718	ECE2	0	0	0	1
9726	ZNF646	0	0	0	1
9732	DOCK4	0	0	0	1
9771	RAPGEF5	0	0	0	1
9781	RNF144A	0	0	0	1
9784	SNX17	0	0	0	1
9825	SPATA2	0	0	0	1
9863	MAGI2	0	0	0	1
9865	TRIL	0	0	0	1
988	CDC5L	0	0	0	1
9891	NUAK1	0	0	0	1
9892	SNAP91	0	0	0	1
9899	SV2B	0	0	0	1
9933	KIAA0020	0	0	0	1
9945	GFPT2	0	0	0	1
9948	WDR1	0	0	0	1
9956	HS3ST2	0	0	0	1
9973	CCS	0	0	0	1
9986	RCE1	0	0	0	1
